trial_id,sigma_d,rho,phi,theta,seed,C_pc,q_grasp,e_pose,n_grasps,success,obj_z_final,error
0,0.0,1.0,30.0,0.0,0,0.00999,0.24269,0.04569,72,1,0.675,
1,0.0,1.0,30.0,0.0,10001,0.00999,0.24112,0.04631,66,1,0.675,
2,0.0,1.0,30.0,0.0,20002,0.00999,0.24799,0.04636,73,1,0.675,
3,0.0,1.0,30.0,45.0,3,0.01426,0.20543,0.06413,23,0,0.458,
4,0.0,1.0,30.0,45.0,10004,0.01426,0.15369,0.06,1,1,0.675,
5,0.0,1.0,30.0,45.0,20005,0.01426,0.18522,0.03356,12,1,0.675,
6,0.0,1.0,30.0,90.0,6,0.01465,0.16581,0.09393,5,0,0.455,
7,0.0,1.0,30.0,90.0,10007,0.014651692708333334,,,0,0,,no_grasps
8,0.0,1.0,30.0,90.0,20008,0.01465,0.18998,0.09614,15,0,0.455,
9,0.0,1.0,45.0,0.0,9,0.00317,0.29385,0.06236,67,1,0.675,
10,0.0,1.0,45.0,0.0,10010,0.00317,0.2938,0.06535,70,0,0.455,
11,0.0,1.0,45.0,0.0,20011,0.00317,0.2938,0.06433,71,1,0.675,
12,0.0,1.0,45.0,45.0,12,0.01258,0.19431,0.06611,18,0,0.436,
13,0.0,1.0,45.0,45.0,10013,0.01258,0.22614,0.10141,27,0,0.4572,
14,0.0,1.0,45.0,45.0,20014,0.01258,0.21158,0.10033,30,0,0.455,
15,0.0,1.0,45.0,90.0,15,0.01355,0.21481,0.09828,17,0,0.455,
16,0.0,1.0,45.0,90.0,10016,0.01355,0.22563,0.04857,22,0,0.436,
17,0.0,1.0,45.0,90.0,20017,0.01355,0.19994,0.09341,16,0,0.4549,
18,0.0,1.0,50.0,0.0,18,0.00063,0.29293,0.07061,53,0,0.455,
19,0.0,1.0,50.0,0.0,10019,0.00063,0.29214,0.07069,51,0,0.455,
20,0.0,1.0,50.0,0.0,20020,0.00063,0.29189,0.06869,51,0,0.455,
21,0.0,1.0,50.0,45.0,21,0.01167,0.24111,0.10873,46,0,0.455,
22,0.0,1.0,50.0,45.0,10022,0.01167,0.2309,0.09088,37,0,0.4566,
23,0.0,1.0,50.0,45.0,20023,0.01167,0.21585,0.04916,23,0,0.436,
24,0.0,1.0,50.0,90.0,24,0.01286,0.20597,0.0973,18,0,0.455,
25,0.0,1.0,50.0,90.0,10025,0.01286,0.22074,0.08089,27,0,0.4548,
26,0.0,1.0,50.0,90.0,20026,0.01286,0.23237,0.02629,19,1,0.675,
27,0.0,1.0,55.0,0.0,27,9.765625e-06,,,0,0,,no_grasps
28,0.0,1.0,55.0,0.0,10028,9.765625e-06,,,0,0,,no_grasps
29,0.0,1.0,55.0,0.0,20029,9.765625e-06,,,0,0,,no_grasps
30,0.0,1.0,55.0,45.0,30,0.010638020833333333,,,0,0,,no_grasps
31,0.0,1.0,55.0,45.0,10031,0.010638020833333333,,,0,0,,no_grasps
32,0.0,1.0,55.0,45.0,20032,0.010638020833333333,,,0,0,,no_grasps
33,0.0,1.0,55.0,90.0,33,0.011809895833333334,,,0,0,,no_grasps
34,0.0,1.0,55.0,90.0,10034,0.011809895833333334,,,0,0,,no_grasps
35,0.0,1.0,55.0,90.0,20035,0.011809895833333334,,,0,0,,no_grasps
36,0.0,1.0,60.0,0.0,36,0.82954,0.16172,0.38325,7,0,0.455,
37,0.0,1.0,60.0,0.0,10037,0.82954,0.17885,0.38366,12,0,0.455,
38,0.0,1.0,60.0,0.0,20038,0.82954,0.18292,0.39104,16,0,0.455,
39,0.0,1.0,60.0,45.0,39,0.009482421875,,,0,0,,no_grasps
40,0.0,1.0,60.0,45.0,10040,0.009482421875,,,0,0,,no_grasps
41,0.0,1.0,60.0,45.0,20041,0.009482421875,,,0,0,,no_grasps
42,0.0,1.0,60.0,90.0,42,0.00971,0.16133,0.07183,3,0,0.455,
43,0.0,1.0,60.0,90.0,10043,0.00971,0.16737,0.07122,2,0,0.455,
44,0.0,1.0,60.0,90.0,20044,0.009713541666666667,,,0,0,,no_grasps
45,0.0,1.0,65.0,0.0,45,0.88555,0.19454,0.31111,37,0,0.455,
46,0.0,1.0,65.0,0.0,10046,0.88555,0.18361,0.18872,20,0,0.455,
47,0.0,1.0,65.0,0.0,20047,0.88555,0.18742,0.30008,32,0,0.455,
48,0.0,1.0,65.0,45.0,48,0.00818,0.15377,0.11767,2,0,0.455,
49,0.0,1.0,65.0,45.0,10049,0.00818,0.15089,0.11809,1,0,0.455,
50,0.0,1.0,65.0,45.0,20050,0.00818,0.15417,0.11825,2,0,0.455,
51,0.0,1.0,65.0,90.0,51,0.00615,0.1933,0.09819,13,0,0.455,
52,0.0,1.0,65.0,90.0,10052,0.00615,0.19626,0.1011,10,0,0.455,
53,0.0,1.0,65.0,90.0,20053,0.00615,0.19007,0.10096,7,0,0.455,
54,0.0,0.75,30.0,0.0,54,0.00999,0.29385,0.03986,135,1,0.675,
55,0.0,0.75,30.0,0.0,10055,0.00999,0.29385,0.04122,118,1,0.675,
56,0.0,0.75,30.0,0.0,20056,0.00999,0.29385,0.03533,97,1,0.675,
57,0.0,0.75,30.0,45.0,57,0.014264322916666667,,,0,0,,no_grasps
58,0.0,0.75,30.0,45.0,10058,0.01426,0.15246,0.06467,1,0,0.4587,
59,0.0,0.75,30.0,45.0,20059,0.01426,0.17848,0.09521,5,0,0.4548,
60,0.0,0.75,30.0,90.0,60,0.014651692708333334,,,0,0,,no_grasps
61,0.0,0.75,30.0,90.0,10061,0.01465,0.17208,0.09809,5,0,0.4549,
62,0.0,0.75,30.0,90.0,20062,0.01465,0.19152,0.10376,8,0,0.455,
63,0.0,0.75,45.0,0.0,63,0.00317,0.29385,0.0688,84,0,0.455,
64,0.0,0.75,45.0,0.0,10064,0.00317,0.29385,0.0716,89,0,0.455,
65,0.0,0.75,45.0,0.0,20065,0.00317,0.29382,0.07041,87,0,0.4551,
66,0.0,0.75,45.0,45.0,66,0.01258,0.20819,0.07228,26,0,0.4617,
67,0.0,0.75,45.0,45.0,10067,0.01258,0.19625,0.10922,14,0,0.4594,
68,0.0,0.75,45.0,45.0,20068,0.01258,0.21119,0.04176,30,1,0.675,
69,0.0,0.75,45.0,90.0,69,0.01355,0.20333,0.09583,15,0,0.4549,
70,0.0,0.75,45.0,90.0,10070,0.01355,0.20002,0.10345,14,0,0.455,
71,0.0,0.75,45.0,90.0,20071,0.01355,0.17788,0.09483,10,0,0.455,
72,0.0,0.75,50.0,0.0,72,0.00063,0.28255,0.09323,29,0,0.455,
73,0.0,0.75,50.0,0.0,10073,0.00063,0.29326,0.07776,48,0,0.455,
74,0.0,0.75,50.0,0.0,20074,0.00063,0.28774,0.08807,32,0,0.455,
75,0.0,0.75,50.0,45.0,75,0.01167,0.22453,0.07227,31,0,0.459,
76,0.0,0.75,50.0,45.0,10076,0.01167,0.21008,0.11104,20,0,0.4552,
77,0.0,0.75,50.0,45.0,20077,0.01167,0.21546,0.05606,29,0,0.436,
78,0.0,0.75,50.0,90.0,78,0.01286,0.22029,0.04879,27,0,0.4546,
79,0.0,0.75,50.0,90.0,10079,0.01286,0.21103,0.01567,17,1,0.675,
80,0.0,0.75,50.0,90.0,20080,0.01286,0.22757,0.07679,28,0,0.0416,
81,0.0,0.75,55.0,0.0,81,1e-05,0.23003,0.07415,1,0,0.436,
82,0.0,0.75,55.0,0.0,10082,1e-05,0.15875,0.0772,1,0,0.436,
83,0.0,0.75,55.0,0.0,20083,9.765625e-06,,,0,0,,no_grasps
84,0.0,0.75,55.0,45.0,84,0.01064,0.20244,0.07412,24,0,0.455,
85,0.0,0.75,55.0,45.0,10085,0.01064,0.21253,0.1112,30,0,0.4576,
86,0.0,0.75,55.0,45.0,20086,0.01064,0.22777,0.09849,31,0,0.4597,
87,0.0,0.75,55.0,90.0,87,0.01181,0.22796,0.10974,22,0,0.455,
88,0.0,0.75,55.0,90.0,10088,0.01181,0.20738,0.09713,30,0,0.4549,
89,0.0,0.75,55.0,90.0,20089,0.01181,0.22724,0.0582,29,0,0.036,
90,0.0,0.75,60.0,0.0,90,0.82954,0.16785,0.38992,8,0,0.455,
91,0.0,0.75,60.0,0.0,10091,0.82954,0.18025,0.38939,4,0,0.455,
92,0.0,0.75,60.0,0.0,20092,0.82954,0.17918,0.39086,12,0,0.455,
93,0.0,0.75,60.0,45.0,93,0.00948,0.2301,0.10791,34,0,0.455,
94,0.0,0.75,60.0,45.0,10094,0.00948,0.24131,0.09934,35,0,0.4606,
95,0.0,0.75,60.0,45.0,20095,0.00948,0.23589,0.1056,34,0,0.455,
96,0.0,0.75,60.0,90.0,96,0.00971,0.27619,0.08144,38,0,0.4557,
97,0.0,0.75,60.0,90.0,10097,0.00971,0.27842,0.08263,37,0,0.4579,
98,0.0,0.75,60.0,90.0,20098,0.00971,0.28213,0.07231,35,0,0.4581,
99,0.0,0.75,65.0,0.0,99,0.88555,0.1799,0.296,10,0,0.455,
100,0.0,0.75,65.0,0.0,10100,0.88555,0.19275,0.28684,29,0,0.455,
101,0.0,0.75,65.0,0.0,20101,0.88555,0.17334,0.19106,18,0,0.455,
102,0.0,0.75,65.0,45.0,102,0.00818,0.24098,0.1013,34,0,0.455,
103,0.0,0.75,65.0,45.0,10103,0.00818,0.24317,0.1046,39,0,0.455,
104,0.0,0.75,65.0,45.0,20104,0.00818,0.22102,0.10552,38,0,0.455,
105,0.0,0.75,65.0,90.0,105,0.00615,0.28421,0.08511,31,0,0.436,
106,0.0,0.75,65.0,90.0,10106,0.00615,0.28397,0.06324,35,0,0.4604,
107,0.0,0.75,65.0,90.0,20107,0.00615,0.28959,0.05071,31,0,0.036,
108,0.0,0.5,30.0,0.0,108,0.00999,0.29375,0.04692,69,1,0.675,
109,0.0,0.5,30.0,0.0,10109,0.00999,0.29347,0.04328,63,1,0.675,
110,0.0,0.5,30.0,0.0,20110,0.00999,0.29385,0.0452,76,1,0.675,
111,0.0,0.5,30.0,45.0,111,0.01426,0.19297,0.07638,11,0,0.4576,
112,0.0,0.5,30.0,45.0,10112,0.01426,0.15639,0.07492,2,0,0.4577,
113,0.0,0.5,30.0,45.0,20113,0.01426,0.17184,0.03541,3,1,0.675,
114,0.0,0.5,30.0,90.0,114,0.014651692708333334,,,0,0,,no_grasps
115,0.0,0.5,30.0,90.0,10115,0.014651692708333334,,,0,0,,no_grasps
116,0.0,0.5,30.0,90.0,20116,0.014651692708333334,,,0,0,,no_grasps
117,0.0,0.5,45.0,0.0,117,0.00317,0.29385,0.06907,67,0,0.455,
118,0.0,0.5,45.0,0.0,10118,0.00317,0.29385,0.06588,64,0,0.4554,
119,0.0,0.5,45.0,0.0,20119,0.00317,0.29367,0.07057,54,0,0.455,
120,0.0,0.5,45.0,45.0,120,0.01258,0.2114,0.06244,10,0,0.4622,
121,0.0,0.5,45.0,45.0,10121,0.01258,0.21283,0.07912,12,0,0.4627,
122,0.0,0.5,45.0,45.0,20122,0.01258,0.19383,0.06984,11,0,0.436,
123,0.0,0.5,45.0,90.0,123,0.01355,0.2053,0.0423,7,0,0.036,
124,0.0,0.5,45.0,90.0,10124,0.01355,0.19231,0.02037,9,1,0.675,
125,0.0,0.5,45.0,90.0,20125,0.01355,0.2108,0.11216,16,0,0.4616,
126,0.0,0.5,50.0,0.0,126,0.00063,0.29173,0.0721,24,0,0.455,
127,0.0,0.5,50.0,0.0,10127,0.00063,0.29358,0.06808,18,0,0.4553,
128,0.0,0.5,50.0,0.0,20128,0.00063,0.28695,0.08417,22,0,0.455,
129,0.0,0.5,50.0,45.0,129,0.01167,0.20818,0.10024,13,0,0.4601,
130,0.0,0.5,50.0,45.0,10130,0.01167,0.22099,0.0615,16,0,0.4562,
131,0.0,0.5,50.0,45.0,20131,0.01167,0.19892,0.11115,6,0,0.4551,
132,0.0,0.5,50.0,90.0,132,0.01286,0.21368,0.10877,22,0,0.4547,
133,0.0,0.5,50.0,90.0,10133,0.01286,0.20621,0.11005,8,0,0.4587,
134,0.0,0.5,50.0,90.0,20134,0.01286,0.22338,0.04385,16,0,0.036,
135,0.0,0.5,55.0,0.0,135,1e-05,0.21956,0.07306,1,0,0.436,
136,0.0,0.5,55.0,0.0,10136,9.765625e-06,,,0,0,,no_grasps
137,0.0,0.5,55.0,0.0,20137,9.765625e-06,,,0,0,,no_grasps
138,0.0,0.5,55.0,45.0,138,0.01064,0.23234,0.10588,24,0,0.455,
139,0.0,0.5,55.0,45.0,10139,0.01064,0.21238,0.11085,23,0,0.455,
140,0.0,0.5,55.0,45.0,20140,0.01064,0.23709,0.09247,16,0,0.455,
141,0.0,0.5,55.0,90.0,141,0.01181,0.23031,0.02051,17,1,0.675,
142,0.0,0.5,55.0,90.0,10142,0.01181,0.23965,0.11363,27,0,0.455,
143,0.0,0.5,55.0,90.0,20143,0.01181,0.21552,0.09682,20,0,0.436,
144,0.0,0.5,60.0,0.0,144,0.82954,0.1578,0.39197,3,0,0.455,
145,0.0,0.5,60.0,0.0,10145,0.82954,0.16519,0.38928,7,0,0.455,
146,0.0,0.5,60.0,0.0,20146,0.82954,0.17549,0.38544,6,0,0.455,
147,0.0,0.5,60.0,45.0,147,0.00948,0.25369,0.10327,23,0,0.455,
148,0.0,0.5,60.0,45.0,10148,0.00948,0.23736,0.09949,24,0,0.455,
149,0.0,0.5,60.0,45.0,20149,0.00948,0.24001,0.102,24,0,0.455,
150,0.0,0.5,60.0,90.0,150,0.00971,0.28071,0.06211,20,0,0.036,
151,0.0,0.5,60.0,90.0,10151,0.00971,0.28509,0.08447,19,0,0.4587,
152,0.0,0.5,60.0,90.0,20152,0.00971,0.27916,0.0836,23,0,0.436,
153,0.0,0.5,65.0,0.0,153,0.88555,0.17293,0.29278,13,0,0.455,
154,0.0,0.5,65.0,0.0,10154,0.88555,0.18177,0.2888,19,0,0.455,
155,0.0,0.5,65.0,0.0,20155,0.88555,0.17409,0.19181,14,0,0.455,
156,0.0,0.5,65.0,45.0,156,0.00818,0.21936,0.12128,23,0,0.436,
157,0.0,0.5,65.0,45.0,10157,0.00818,0.24059,0.1084,25,0,0.455,
158,0.0,0.5,65.0,45.0,20158,0.00818,0.23918,0.11068,26,0,0.455,
159,0.0,0.5,65.0,90.0,159,0.00615,0.28582,0.0689,24,0,0.4623,
160,0.0,0.5,65.0,90.0,10160,0.00615,0.28504,0.06139,30,0,0.4622,
161,0.0,0.5,65.0,90.0,20161,0.00615,0.28218,0.07828,20,0,0.436,
162,0.0,0.25,30.0,0.0,162,0.00999,0.29341,0.03968,22,1,0.675,
163,0.0,0.25,30.0,0.0,10163,0.00999,0.29385,0.04422,34,1,0.675,
164,0.0,0.25,30.0,0.0,20164,0.00999,0.29385,0.04119,29,1,0.675,
165,0.0,0.25,30.0,45.0,165,0.01426,0.15208,0.08742,1,0,0.4549,
166,0.0,0.25,30.0,45.0,10166,0.014264322916666667,,,0,0,,no_grasps
167,0.0,0.25,30.0,45.0,20167,0.014264322916666667,,,0,0,,no_grasps
168,0.0,0.25,30.0,90.0,168,0.014651692708333334,,,0,0,,no_grasps
169,0.0,0.25,30.0,90.0,10169,0.01465,0.15583,0.10084,1,0,0.455,
170,0.0,0.25,30.0,90.0,20170,0.01465,0.16902,0.09583,3,0,0.455,
171,0.0,0.25,45.0,0.0,171,0.00317,0.29358,0.07878,20,0,0.455,
172,0.0,0.25,45.0,0.0,10172,0.00317,0.29222,0.07453,18,0,0.455,
173,0.0,0.25,45.0,0.0,20173,0.00317,0.29294,0.0713,19,0,0.455,
174,0.0,0.25,45.0,45.0,174,0.01258,0.16807,0.06624,2,0,0.455,
175,0.0,0.25,45.0,45.0,10175,0.01258,0.19587,0.10903,7,0,0.036,
176,0.0,0.25,45.0,45.0,20176,0.01258,0.21525,0.09832,10,0,0.455,
177,0.0,0.25,45.0,90.0,177,0.01355,0.18607,0.09297,5,0,0.4585,
178,0.0,0.25,45.0,90.0,10178,0.01355,0.21145,0.06029,9,0,0.036,
179,0.0,0.25,45.0,90.0,20179,0.01355,0.2186,0.09409,7,0,0.4548,
180,0.0,0.25,50.0,0.0,180,0.00063,0.28298,0.07965,6,0,0.455,
181,0.0,0.25,50.0,0.0,10181,0.00063,0.29079,0.07346,7,0,0.4551,
182,0.0,0.25,50.0,0.0,20182,0.00063,0.2933,0.08164,9,0,0.455,
183,0.0,0.25,50.0,45.0,183,0.01167,0.22366,0.09458,8,0,0.4558,
184,0.0,0.25,50.0,45.0,10184,0.01167,0.2149,0.09973,9,0,0.455,
185,0.0,0.25,50.0,45.0,20185,0.01167,0.20424,0.02051,6,1,0.675,
186,0.0,0.25,50.0,90.0,186,0.01286,0.19624,0.0878,4,0,0.4549,
187,0.0,0.25,50.0,90.0,10187,0.01286,0.21684,0.09029,6,0,0.4548,
188,0.0,0.25,50.0,90.0,20188,0.01286,0.18902,0.09627,4,0,0.4548,
189,0.0,0.25,55.0,0.0,189,9.765625e-06,,,0,0,,no_grasps
190,0.0,0.25,55.0,0.0,10190,9.765625e-06,,,0,0,,no_grasps
191,0.0,0.25,55.0,0.0,20191,9.765625e-06,,,0,0,,no_grasps
192,0.0,0.25,55.0,45.0,192,0.01064,0.22961,0.10895,11,0,0.036,
193,0.0,0.25,55.0,45.0,10193,0.01064,0.214,0.08606,12,0,0.4609,
194,0.0,0.25,55.0,45.0,20194,0.01064,0.19889,0.07563,9,0,0.436,
195,0.0,0.25,55.0,90.0,195,0.01181,0.20155,0.11494,6,0,0.455,
196,0.0,0.25,55.0,90.0,10196,0.01181,0.23171,0.04619,5,0,0.4591,
197,0.0,0.25,55.0,90.0,20197,0.01181,0.21917,0.11218,8,0,0.455,
198,0.0,0.25,60.0,0.0,198,0.82954,0.16507,0.3825,2,0,0.455,
199,0.0,0.25,60.0,0.0,10199,0.82954,0.16168,0.40593,2,0,0.455,
200,0.0,0.25,60.0,0.0,20200,0.82954,0.17041,0.39484,5,0,0.455,
201,0.0,0.25,60.0,45.0,201,0.00948,0.21024,0.10046,16,0,0.4602,
202,0.0,0.25,60.0,45.0,10202,0.00948,0.20991,0.1127,9,0,0.4579,
203,0.0,0.25,60.0,45.0,20203,0.00948,0.23522,0.01912,12,1,0.675,
204,0.0,0.25,60.0,90.0,204,0.00971,0.26918,0.08616,10,0,0.4553,
205,0.0,0.25,60.0,90.0,10205,0.00971,0.27892,0.06947,16,0,0.462,
206,0.0,0.25,60.0,90.0,20206,0.00971,0.27716,0.07499,10,0,0.036,
207,0.0,0.25,65.0,0.0,207,0.88555,0.20947,0.30063,6,0,0.455,
208,0.0,0.25,65.0,0.0,10208,0.88555,0.18252,0.18949,9,0,0.455,
209,0.0,0.25,65.0,0.0,20209,0.88555,0.17469,0.07951,9,0,0.4623,
210,0.0,0.25,65.0,45.0,210,0.00818,0.22482,0.11048,14,0,0.455,
211,0.0,0.25,65.0,45.0,10211,0.00818,0.26894,0.09214,12,0,0.455,
212,0.0,0.25,65.0,45.0,20212,0.00818,0.2401,0.10681,10,0,0.455,
213,0.0,0.25,65.0,90.0,213,0.00615,0.28361,0.05993,13,0,0.036,
214,0.0,0.25,65.0,90.0,10214,0.00615,0.28678,0.06049,18,0,0.4619,
215,0.0,0.25,65.0,90.0,20215,0.00615,0.28284,0.0669,9,0,0.46,
216,0.005,1.0,30.0,0.0,216,0.00999,0.29385,0.04214,82,1,0.675,
217,0.005,1.0,30.0,0.0,10217,0.00999,0.27826,0.03962,51,1,0.675,
218,0.005,1.0,30.0,0.0,20218,0.00999,0.29385,0.03452,91,1,0.675,
219,0.005,1.0,30.0,45.0,219,0.01426,0.20111,0.12346,17,0,0.4546,
220,0.005,1.0,30.0,45.0,10220,0.01426,0.20763,0.03712,19,1,0.675,
221,0.005,1.0,30.0,45.0,20221,0.01426,0.22308,0.11018,26,0,0.455,
222,0.005,1.0,30.0,90.0,222,0.01465,0.18876,0.08661,15,0,0.455,
223,0.005,1.0,30.0,90.0,10223,0.01465,0.20108,0.11811,15,0,0.4596,
224,0.005,1.0,30.0,90.0,20224,0.01465,0.21441,0.07738,21,0,0.4599,
225,0.005,1.0,45.0,0.0,225,0.00317,0.29385,0.06698,35,0,0.455,
226,0.005,1.0,45.0,0.0,10226,0.00317,0.29385,0.05917,40,1,0.675,
227,0.005,1.0,45.0,0.0,20227,0.00317,0.29385,0.06298,37,1,0.675,
228,0.005,1.0,45.0,45.0,228,0.01258,0.21161,0.11423,24,0,0.436,
229,0.005,1.0,45.0,45.0,10229,0.01258,0.22458,0.11097,31,0,0.455,
230,0.005,1.0,45.0,45.0,20230,0.01258,0.22789,0.11916,32,0,0.436,
231,0.005,1.0,45.0,90.0,231,0.01355,0.21502,0.09532,28,0,0.436,
232,0.005,1.0,45.0,90.0,10232,0.01355,0.19047,0.09926,19,0,0.4549,
233,0.005,1.0,45.0,90.0,20233,0.01355,0.22385,0.11362,18,0,0.458,
234,0.005,1.0,50.0,0.0,234,0.00063,0.2937,0.07033,33,0,0.4551,
235,0.005,1.0,50.0,0.0,10235,0.00063,0.29371,0.06973,32,0,0.455,
236,0.005,1.0,50.0,0.0,20236,0.00063,0.29385,0.06939,29,0,0.4551,
237,0.005,1.0,50.0,45.0,237,0.01167,0.19654,0.10524,26,0,0.4548,
238,0.005,1.0,50.0,45.0,10238,0.01167,0.20845,0.1033,30,0,0.4547,
239,0.005,1.0,50.0,45.0,20239,0.01167,0.20996,0.10833,29,0,0.4591,
240,0.005,1.0,50.0,90.0,240,0.01286,0.22267,0.11084,27,0,0.036,
241,0.005,1.0,50.0,90.0,10241,0.01286,0.20225,0.08523,26,0,0.455,
242,0.005,1.0,50.0,90.0,20242,0.01286,0.23536,0.11729,21,0,0.436,
243,0.005,1.0,55.0,0.0,243,9.765625e-06,,,0,0,,no_grasps
244,0.005,1.0,55.0,0.0,10244,9.765625e-06,,,0,0,,no_grasps
245,0.005,1.0,55.0,0.0,20245,9.765625e-06,,,0,0,,no_grasps
246,0.005,1.0,55.0,45.0,246,0.01064,0.24109,0.11213,28,0,0.036,
247,0.005,1.0,55.0,45.0,10247,0.01064,0.23537,0.06982,27,0,0.4606,
248,0.005,1.0,55.0,45.0,20248,0.01064,0.21168,0.11863,27,0,0.4606,
249,0.005,1.0,55.0,90.0,249,0.01181,0.20297,0.10822,28,0,0.436,
250,0.005,1.0,55.0,90.0,10250,0.01181,0.20735,0.11646,25,0,0.4602,
251,0.005,1.0,55.0,90.0,20251,0.01181,0.2224,0.11266,25,0,0.455,
252,0.005,1.0,60.0,0.0,252,0.82954,0.2056,0.18589,31,0,0.455,
253,0.005,1.0,60.0,0.0,10253,0.82954,0.17997,0.1705,11,0,0.455,
254,0.005,1.0,60.0,0.0,20254,0.82954,0.18592,0.37145,18,0,0.455,
255,0.005,1.0,60.0,45.0,255,0.00948,0.23543,0.1079,29,0,0.455,
256,0.005,1.0,60.0,45.0,10256,0.00948,0.2547,0.11391,24,0,0.455,
257,0.005,1.0,60.0,45.0,20257,0.00948,0.23469,0.11963,28,0,0.436,
258,0.005,1.0,60.0,90.0,258,0.00971,0.26752,0.08409,37,0,0.436,
259,0.005,1.0,60.0,90.0,10259,0.00971,0.2673,0.08953,33,0,0.436,
260,0.005,1.0,60.0,90.0,20260,0.00971,0.25572,0.08494,28,0,0.436,
261,0.005,1.0,65.0,0.0,261,0.88555,0.18385,0.18755,12,0,0.455,
262,0.005,1.0,65.0,0.0,10262,0.88555,0.19188,0.25612,7,0,0.455,
263,0.005,1.0,65.0,0.0,20263,0.88555,0.1828,0.29792,5,0,0.455,
264,0.005,1.0,65.0,45.0,264,0.00818,0.25216,0.1254,32,0,0.436,
265,0.005,1.0,65.0,45.0,10265,0.00818,0.15576,0.11831,2,0,0.455,
266,0.005,1.0,65.0,45.0,20266,0.00818,0.24977,0.10803,30,0,0.4605,
267,0.005,1.0,65.0,90.0,267,0.00615,0.17479,0.09749,1,0,0.455,
268,0.005,1.0,65.0,90.0,10268,0.00615,0.17454,0.09578,1,0,0.455,
269,0.005,1.0,65.0,90.0,20269,0.00615,0.27548,0.05742,34,0,0.4623,
270,0.005,0.75,30.0,0.0,270,0.00999,0.29382,0.04845,55,1,0.675,
271,0.005,0.75,30.0,0.0,10271,0.00999,0.2938,0.04644,46,1,0.675,
272,0.005,0.75,30.0,0.0,20272,0.00999,0.29385,0.04763,52,1,0.675,
273,0.005,0.75,30.0,45.0,273,0.01426,0.17302,0.10735,7,0,0.455,
274,0.005,0.75,30.0,45.0,10274,0.01426,0.21586,0.10965,16,0,0.455,
275,0.005,0.75,30.0,45.0,20275,0.01426,0.22008,0.10579,17,0,0.455,
276,0.005,0.75,30.0,90.0,276,0.01465,0.20153,0.0372,11,1,0.675,
277,0.005,0.75,30.0,90.0,10277,0.01465,0.20563,0.0741,15,0,0.4588,
278,0.005,0.75,30.0,90.0,20278,0.01465,0.21773,0.10793,17,0,0.455,
279,0.005,0.75,45.0,0.0,279,0.00317,0.28951,0.07194,48,0,0.455,
280,0.005,0.75,45.0,0.0,10280,0.00317,0.2927,0.07614,38,0,0.455,
281,0.005,0.75,45.0,0.0,20281,0.00317,0.29231,0.06986,51,0,0.455,
282,0.005,0.75,45.0,45.0,282,0.01258,0.17301,0.11207,9,0,0.036,
283,0.005,0.75,45.0,45.0,10283,0.01258,0.20674,0.11058,17,0,0.455,
284,0.005,0.75,45.0,45.0,20284,0.01258,0.20157,0.0356,20,1,0.675,
285,0.005,0.75,45.0,90.0,285,0.01355,0.18962,0.05849,15,0,0.436,
286,0.005,0.75,45.0,90.0,10286,0.01355,0.20309,0.10878,19,0,0.455,
287,0.005,0.75,45.0,90.0,20287,0.01355,0.2029,0.10187,14,0,0.4548,
288,0.005,0.75,50.0,0.0,288,0.00063,0.27084,0.08444,15,0,0.455,
289,0.005,0.75,50.0,0.0,10289,0.00063,0.28382,0.08232,15,0,0.4562,
290,0.005,0.75,50.0,0.0,20290,0.00063,0.28287,0.08336,19,0,0.4561,
291,0.005,0.75,50.0,45.0,291,0.01167,0.17613,0.11176,21,0,0.455,
292,0.005,0.75,50.0,45.0,10292,0.01167,0.19585,0.11668,22,0,0.455,
293,0.005,0.75,50.0,45.0,20293,0.01167,0.21178,0.11183,23,0,0.455,
294,0.005,0.75,50.0,90.0,294,0.01286,0.18816,0.10532,17,0,0.4361,
295,0.005,0.75,50.0,90.0,10295,0.01286,0.20134,0.11549,22,0,0.4547,
296,0.005,0.75,50.0,90.0,20296,0.01286,0.21297,0.02424,25,1,0.675,
297,0.005,0.75,55.0,0.0,297,9.765625e-06,,,0,0,,no_grasps
298,0.005,0.75,55.0,0.0,10298,9.765625e-06,,,0,0,,no_grasps
299,0.005,0.75,55.0,0.0,20299,9.765625e-06,,,0,0,,no_grasps
300,0.005,0.75,55.0,45.0,300,0.01064,0.21239,0.11936,20,0,0.457,
301,0.005,0.75,55.0,45.0,10301,0.01064,0.2194,0.11571,20,0,0.436,
302,0.005,0.75,55.0,45.0,20302,0.01064,0.2176,0.11367,28,0,0.455,
303,0.005,0.75,55.0,90.0,303,0.01181,0.23689,0.10949,21,0,0.4606,
304,0.005,0.75,55.0,90.0,10304,0.01181,0.18294,0.10191,18,0,0.4602,
305,0.005,0.75,55.0,90.0,20305,0.01181,0.20789,0.09436,19,0,0.436,
306,0.005,0.75,60.0,0.0,306,0.82954,0.18281,0.18242,13,0,0.455,
307,0.005,0.75,60.0,0.0,10307,0.82954,0.21362,0.18169,17,0,0.455,
308,0.005,0.75,60.0,0.0,20308,0.82954,0.19414,0.19007,10,0,0.455,
309,0.005,0.75,60.0,45.0,309,0.00948,0.22002,0.10842,16,0,0.455,
310,0.005,0.75,60.0,45.0,10310,0.00948,0.24045,0.10254,23,0,0.455,
311,0.005,0.75,60.0,45.0,20311,0.00948,0.23906,0.1229,25,0,0.4617,
312,0.005,0.75,60.0,90.0,312,0.00971,0.25145,0.07985,19,0,0.4606,
313,0.005,0.75,60.0,90.0,10313,0.00971,0.26078,0.10436,25,0,0.455,
314,0.005,0.75,60.0,90.0,20314,0.00971,0.24397,0.08757,24,0,0.436,
315,0.005,0.75,65.0,0.0,315,0.88555,0.20344,0.30932,2,0,0.455,
316,0.005,0.75,65.0,0.0,10316,0.88555,0.21061,0.29307,5,0,0.455,
317,0.005,0.75,65.0,0.0,20317,0.88555,0.18201,0.29573,8,0,0.455,
318,0.005,0.75,65.0,45.0,318,0.00818,0.27754,0.09917,26,0,0.455,
319,0.005,0.75,65.0,45.0,10319,0.00818,0.23441,0.11217,23,0,0.455,
320,0.005,0.75,65.0,45.0,20320,0.00818,0.22174,0.11437,24,0,0.455,
321,0.005,0.75,65.0,90.0,321,0.00615,0.27191,0.06708,23,0,0.4596,
322,0.005,0.75,65.0,90.0,10322,0.00615,0.2855,0.07926,25,0,0.4586,
323,0.005,0.75,65.0,90.0,20323,0.00615,0.24657,0.05862,21,0,0.436,
324,0.005,0.5,30.0,0.0,324,0.00999,0.29385,0.04344,36,1,0.675,
325,0.005,0.5,30.0,0.0,10325,0.00999,0.29385,0.04263,43,1,0.675,
326,0.005,0.5,30.0,0.0,20326,0.00999,0.29385,0.04326,42,1,0.675,
327,0.005,0.5,30.0,45.0,327,0.01426,0.22444,0.11062,13,0,0.4547,
328,0.005,0.5,30.0,45.0,10328,0.01426,0.22936,0.10529,12,0,0.455,
329,0.005,0.5,30.0,45.0,20329,0.01426,0.18169,0.10261,11,0,0.455,
330,0.005,0.5,30.0,90.0,330,0.01465,0.20882,0.11221,8,0,0.455,
331,0.005,0.5,30.0,90.0,10331,0.01465,0.15369,0.07555,2,0,0.455,
332,0.005,0.5,30.0,90.0,20332,0.01465,0.21821,0.09387,9,0,0.455,
333,0.005,0.5,45.0,0.0,333,0.00317,0.2878,0.09121,18,0,0.455,
334,0.005,0.5,45.0,0.0,10334,0.00317,0.28679,0.06832,24,0,0.455,
335,0.005,0.5,45.0,0.0,20335,0.00317,0.29145,0.08009,28,0,0.455,
336,0.005,0.5,45.0,45.0,336,0.01258,0.20281,0.104,11,0,0.455,
337,0.005,0.5,45.0,45.0,10337,0.01258,0.20232,0.11865,9,0,0.436,
338,0.005,0.5,45.0,45.0,20338,0.01258,0.23425,0.11621,12,0,0.455,
339,0.005,0.5,45.0,90.0,339,0.01355,0.1942,0.04287,10,1,0.675,
340,0.005,0.5,45.0,90.0,10340,0.01355,0.20586,0.10341,13,0,0.4548,
341,0.005,0.5,45.0,90.0,20341,0.01355,0.22682,0.10397,13,0,0.436,
342,0.005,0.5,50.0,0.0,342,0.00063,0.28432,0.08217,11,0,0.455,
343,0.005,0.5,50.0,0.0,10343,0.00063,0.26409,0.08754,11,0,0.456,
344,0.005,0.5,50.0,0.0,20344,0.00063,0.27111,0.08637,9,0,0.455,
345,0.005,0.5,50.0,45.0,345,0.01167,0.19039,0.1116,8,0,0.4613,
346,0.005,0.5,50.0,45.0,10346,0.01167,0.19695,0.1083,16,0,0.4596,
347,0.005,0.5,50.0,45.0,20347,0.01167,0.21619,0.09901,14,0,0.436,
348,0.005,0.5,50.0,90.0,348,0.01286,0.20741,0.096,14,0,0.4552,
349,0.005,0.5,50.0,90.0,10349,0.01286,0.21369,0.11128,14,0,0.455,
350,0.005,0.5,50.0,90.0,20350,0.01286,0.19114,0.11274,9,0,0.455,
351,0.005,0.5,55.0,0.0,351,1e-05,0.15348,0.07096,1,0,0.436,
352,0.005,0.5,55.0,0.0,10352,9.765625e-06,,,0,0,,no_grasps
353,0.005,0.5,55.0,0.0,20353,9.765625e-06,,,0,0,,no_grasps
354,0.005,0.5,55.0,45.0,354,0.01064,0.19763,0.10463,17,0,0.4591,
355,0.005,0.5,55.0,45.0,10355,0.01064,0.22095,0.11589,14,0,0.436,
356,0.005,0.5,55.0,45.0,20356,0.01064,0.23547,0.09297,14,0,0.455,
357,0.005,0.5,55.0,90.0,357,0.01181,0.21007,0.11045,17,0,0.4546,
358,0.005,0.5,55.0,90.0,10358,0.01181,0.21524,0.11638,11,0,0.4592,
359,0.005,0.5,55.0,90.0,20359,0.01181,0.19477,0.10369,10,0,0.3634,
360,0.005,0.5,60.0,0.0,360,0.82954,0.17753,0.21562,7,0,0.455,
361,0.005,0.5,60.0,0.0,10361,0.82954,0.19133,0.39588,13,0,0.455,
362,0.005,0.5,60.0,0.0,20362,0.82954,0.18805,0.18501,8,0,0.455,
363,0.005,0.5,60.0,45.0,363,0.00948,0.21214,0.10734,16,0,0.455,
364,0.005,0.5,60.0,45.0,10364,0.00948,0.2207,0.11121,10,0,0.455,
365,0.005,0.5,60.0,45.0,20365,0.00948,0.22311,0.11269,23,0,0.455,
366,0.005,0.5,60.0,90.0,366,0.00971,0.24741,0.0858,20,0,0.436,
367,0.005,0.5,60.0,90.0,10367,0.00971,0.22515,0.0811,16,0,0.4554,
368,0.005,0.5,60.0,90.0,20368,0.00971,0.26927,0.09871,16,0,0.4575,
369,0.005,0.5,65.0,0.0,369,0.88555,0.18776,0.19585,5,0,0.455,
370,0.005,0.5,65.0,0.0,10370,0.88555,0.18256,0.24602,4,0,0.455,
371,0.005,0.5,65.0,0.0,20371,0.88555,0.20361,0.28707,6,0,0.455,
372,0.005,0.5,65.0,45.0,372,0.00818,0.19821,0.11007,12,0,0.455,
373,0.005,0.5,65.0,45.0,10373,0.00818,0.23506,0.10908,16,0,0.455,
374,0.005,0.5,65.0,45.0,20374,0.00818,0.1997,0.11947,14,0,0.4612,
375,0.005,0.5,65.0,90.0,375,0.00615,0.27696,0.06338,21,0,0.4613,
376,0.005,0.5,65.0,90.0,10376,0.00615,0.27209,0.05048,13,0,0.036,
377,0.005,0.5,65.0,90.0,20377,0.00615,0.24484,0.07833,13,0,0.436,
378,0.005,0.25,30.0,0.0,378,0.00999,0.29385,0.0454,21,1,0.675,
379,0.005,0.25,30.0,0.0,10379,0.00999,0.29385,0.04335,28,1,0.675,
380,0.005,0.25,30.0,0.0,20380,0.00999,0.29345,0.0464,12,1,0.675,
381,0.005,0.25,30.0,45.0,381,0.01426,0.18562,0.10547,3,0,0.455,
382,0.005,0.25,30.0,45.0,10382,0.01426,0.21547,0.07488,6,0,0.4615,
383,0.005,0.25,30.0,45.0,20383,0.01426,0.19855,0.10448,7,0,0.455,
384,0.005,0.25,30.0,90.0,384,0.01465,0.17887,0.09955,2,0,0.4548,
385,0.005,0.25,30.0,90.0,10385,0.01465,0.1783,0.10091,7,0,0.4548,
386,0.005,0.25,30.0,90.0,20386,0.01465,0.20975,0.09689,3,0,0.455,
387,0.005,0.25,45.0,0.0,387,0.00317,0.28596,0.08105,13,0,0.455,
388,0.005,0.25,45.0,0.0,10388,0.00317,0.28888,0.08363,10,0,0.455,
389,0.005,0.25,45.0,0.0,20389,0.00317,0.27611,0.08496,8,0,0.455,
390,0.005,0.25,45.0,45.0,390,0.01258,0.20968,0.09457,11,0,0.4616,
391,0.005,0.25,45.0,45.0,10391,0.01258,0.22698,0.11703,13,0,0.4566,
392,0.005,0.25,45.0,45.0,20392,0.01258,0.21802,0.11447,8,0,0.436,
393,0.005,0.25,45.0,90.0,393,0.01355,0.17929,0.10276,2,0,0.4548,
394,0.005,0.25,45.0,90.0,10394,0.01355,0.16866,0.09221,3,0,0.455,
395,0.005,0.25,45.0,90.0,20395,0.01355,0.1956,0.10233,5,0,0.455,
396,0.005,0.25,50.0,0.0,396,0.00063,0.2845,0.08361,9,0,0.455,
397,0.005,0.25,50.0,0.0,10397,0.00063,0.28273,0.08097,6,0,0.455,
398,0.005,0.25,50.0,0.0,20398,0.00063,0.28517,0.08567,4,0,0.455,
399,0.005,0.25,50.0,45.0,399,0.01167,0.19002,0.0236,5,1,0.675,
400,0.005,0.25,50.0,45.0,10400,0.01167,0.21919,0.10673,4,0,0.4547,
401,0.005,0.25,50.0,45.0,20401,0.01167,0.20856,0.11452,8,0,0.455,
402,0.005,0.25,50.0,90.0,402,0.01286,0.19292,0.12089,2,0,0.455,
403,0.005,0.25,50.0,90.0,10403,0.01286,0.18486,0.08936,4,0,0.4549,
404,0.005,0.25,50.0,90.0,20404,0.01286,0.1753,0.08192,7,0,0.4549,
405,0.005,0.25,55.0,0.0,405,9.765625e-06,,,0,0,,no_grasps
406,0.005,0.25,55.0,0.0,10406,9.765625e-06,,,0,0,,no_grasps
407,0.005,0.25,55.0,0.0,20407,9.765625e-06,,,0,0,,no_grasps
408,0.005,0.25,55.0,45.0,408,0.01064,0.21649,0.11717,7,0,0.436,
409,0.005,0.25,55.0,45.0,10409,0.01064,0.2084,0.11392,6,0,0.459,
410,0.005,0.25,55.0,45.0,20410,0.01064,0.23615,0.12382,7,0,0.436,
411,0.005,0.25,55.0,90.0,411,0.01181,0.17271,0.10354,7,0,0.455,
412,0.005,0.25,55.0,90.0,10412,0.01181,0.19127,0.07035,8,0,0.436,
413,0.005,0.25,55.0,90.0,20413,0.01181,0.19143,0.11062,6,0,0.036,
414,0.005,0.25,60.0,0.0,414,0.82954,0.1808,0.1722,5,0,0.455,
415,0.005,0.25,60.0,0.0,10415,0.82954,0.18549,0.19514,6,0,0.455,
416,0.005,0.25,60.0,0.0,20416,0.82954,0.1962,0.18029,5,0,0.455,
417,0.005,0.25,60.0,45.0,417,0.00948,0.19305,0.09442,6,0,0.4549,
418,0.005,0.25,60.0,45.0,10418,0.00948,0.23289,0.10238,7,0,0.455,
419,0.005,0.25,60.0,45.0,20419,0.00948,0.25925,0.12415,8,0,0.436,
420,0.005,0.25,60.0,90.0,420,0.00971,0.27912,0.05533,13,0,0.036,
421,0.005,0.25,60.0,90.0,10421,0.00971,0.25923,0.07715,9,0,0.4624,
422,0.005,0.25,60.0,90.0,20422,0.00971,0.21838,0.11239,8,0,0.4547,
423,0.005,0.25,65.0,0.0,423,0.885546875,,,0,0,,no_grasps
424,0.005,0.25,65.0,0.0,10424,0.885546875,,,0,0,,no_grasps
425,0.005,0.25,65.0,0.0,20425,0.88555,0.17125,0.29925,2,0,0.455,
426,0.005,0.25,65.0,45.0,426,0.00818,0.19267,0.09166,5,0,0.4549,
427,0.005,0.25,65.0,45.0,10427,0.00818,0.22738,0.11078,6,0,0.455,
428,0.005,0.25,65.0,45.0,20428,0.00818,0.25647,0.11876,11,0,0.436,
429,0.005,0.25,65.0,90.0,429,0.00615,0.2413,0.11514,5,0,0.4551,
430,0.005,0.25,65.0,90.0,10430,0.00615,0.27423,0.07038,7,0,0.436,
431,0.005,0.25,65.0,90.0,20431,0.00615,0.23872,0.11425,6,0,0.455,
432,0.01,1.0,30.0,0.0,432,0.00999,0.29019,0.04837,58,1,0.675,
433,0.01,1.0,30.0,0.0,10433,0.00999,0.29385,0.04685,75,1,0.675,
434,0.01,1.0,30.0,0.0,20434,0.00999,0.29385,0.04859,83,1,0.675,
435,0.01,1.0,30.0,45.0,435,0.01426,0.15292,0.11006,2,0,0.455,
436,0.01,1.0,30.0,45.0,10436,0.01426,0.19862,0.11631,5,0,0.455,
437,0.01,1.0,30.0,45.0,20437,0.01426,0.16464,0.15869,2,0,0.455,
438,0.01,1.0,30.0,90.0,438,0.01465,0.17403,0.11826,4,0,0.4556,
439,0.01,1.0,30.0,90.0,10439,0.01465,0.17354,0.05821,4,1,0.675,
440,0.01,1.0,30.0,90.0,20440,0.01465,0.1855,0.11024,3,0,0.455,
441,0.01,1.0,45.0,0.0,441,0.00317,0.29385,0.05746,29,1,0.675,
442,0.01,1.0,45.0,0.0,10442,0.00317,0.29385,0.06998,26,0,0.4551,
443,0.01,1.0,45.0,0.0,20443,0.00317,0.29385,0.06107,28,0,0.4559,
444,0.01,1.0,45.0,45.0,444,0.01258,0.18133,0.11722,8,0,0.436,
445,0.01,1.0,45.0,45.0,10445,0.01258,0.18597,0.12677,13,0,0.436,
446,0.01,1.0,45.0,45.0,20446,0.01258,0.20694,0.11915,22,0,0.436,
447,0.01,1.0,45.0,90.0,447,0.01355,0.22913,0.12396,10,0,0.436,
448,0.01,1.0,45.0,90.0,10448,0.01355,0.15601,0.04218,2,1,0.675,
449,0.01,1.0,45.0,90.0,20449,0.01355,0.19285,0.11376,7,0,0.455,
450,0.01,1.0,50.0,0.0,450,0.00063,0.29385,0.07185,27,0,0.455,
451,0.01,1.0,50.0,0.0,10451,0.00063,0.29385,0.06905,31,0,0.4551,
452,0.01,1.0,50.0,0.0,20452,0.00063,0.29385,0.07269,32,0,0.4552,
453,0.01,1.0,50.0,45.0,453,0.01167,0.22332,0.11298,20,0,0.436,
454,0.01,1.0,50.0,45.0,10454,0.01167,0.21656,0.12099,10,0,0.436,
455,0.01,1.0,50.0,45.0,20455,0.01167,0.19993,0.07366,19,0,0.455,
456,0.01,1.0,50.0,90.0,456,0.01286,0.17922,0.11957,11,0,0.455,
457,0.01,1.0,50.0,90.0,10457,0.01286,0.19854,0.1258,16,0,0.436,
458,0.01,1.0,50.0,90.0,20458,0.01286,0.1952,0.11493,17,0,0.455,
459,0.01,1.0,55.0,0.0,459,9.765625e-06,,,0,0,,no_grasps
460,0.01,1.0,55.0,0.0,10460,9.765625e-06,,,0,0,,no_grasps
461,0.01,1.0,55.0,0.0,20461,9.765625e-06,,,0,0,,no_grasps
462,0.01,1.0,55.0,45.0,462,0.01064,0.18153,0.11959,9,0,0.4611,
463,0.01,1.0,55.0,45.0,10463,0.01064,0.19849,0.13046,14,0,0.455,
464,0.01,1.0,55.0,45.0,20464,0.01064,0.21991,0.12349,17,0,0.458,
465,0.01,1.0,55.0,90.0,465,0.01181,0.21905,0.12133,16,0,0.461,
466,0.01,1.0,55.0,90.0,10466,0.01181,0.2074,0.10964,20,0,0.036,
467,0.01,1.0,55.0,90.0,20467,0.01181,0.20567,0.129,11,0,0.455,
468,0.01,1.0,60.0,0.0,468,0.82954,0.17577,0.19557,2,0,0.455,
469,0.01,1.0,60.0,0.0,10469,0.82954,0.18632,0.17491,3,0,0.455,
470,0.01,1.0,60.0,0.0,20470,0.82954,0.18395,0.21476,4,0,0.455,
471,0.01,1.0,60.0,45.0,471,0.00948,0.24286,0.12742,14,0,0.4582,
472,0.01,1.0,60.0,45.0,10472,0.00948,0.22945,0.12324,15,0,0.436,
473,0.01,1.0,60.0,45.0,20473,0.00948,0.22122,0.10965,18,0,0.455,
474,0.01,1.0,60.0,90.0,474,0.00971,0.25724,0.08688,25,0,0.4551,
475,0.01,1.0,60.0,90.0,10475,0.00971,0.2744,0.06446,22,0,0.036,
476,0.01,1.0,60.0,90.0,20476,0.00971,0.29363,0.0709,26,0,0.436,
477,0.01,1.0,65.0,0.0,477,0.88555,0.16716,0.20095,3,0,0.455,
478,0.01,1.0,65.0,0.0,10478,0.88555,0.18573,0.30549,4,0,0.455,
479,0.01,1.0,65.0,0.0,20479,0.88555,0.15812,0.18462,1,0,0.455,
480,0.01,1.0,65.0,45.0,480,0.00818,0.26475,0.12378,18,0,0.4593,
481,0.01,1.0,65.0,45.0,10481,0.00818,0.20586,0.11741,13,0,0.4603,
482,0.01,1.0,65.0,45.0,20482,0.00818,0.27266,0.1259,17,0,0.436,
483,0.01,1.0,65.0,90.0,483,0.00615,0.27812,0.07291,33,0,0.436,
484,0.01,1.0,65.0,90.0,10484,0.00615,0.27502,0.07043,30,0,0.4601,
485,0.01,1.0,65.0,90.0,20485,0.00615,0.27962,0.06763,30,0,0.4619,
486,0.01,0.75,30.0,0.0,486,0.00999,0.29339,0.04841,45,1,0.675,
487,0.01,0.75,30.0,0.0,10487,0.00999,0.29337,0.04302,38,1,0.675,
488,0.01,0.75,30.0,0.0,20488,0.00999,0.29373,0.05086,36,1,0.675,
489,0.01,0.75,30.0,45.0,489,0.01426,0.16347,0.14943,4,0,0.455,
490,0.01,0.75,30.0,45.0,10490,0.01426,0.18412,0.11599,7,0,0.455,
491,0.01,0.75,30.0,45.0,20491,0.01426,0.18143,0.12215,7,0,0.455,
492,0.01,0.75,30.0,90.0,492,0.01465,0.17432,0.0843,4,0,0.455,
493,0.01,0.75,30.0,90.0,10493,0.01465,0.18783,0.05868,8,1,0.675,
494,0.01,0.75,30.0,90.0,20494,0.01465,0.21787,0.07671,8,0,0.455,
495,0.01,0.75,45.0,0.0,495,0.00317,0.29191,0.08482,30,0,0.455,
496,0.01,0.75,45.0,0.0,10496,0.00317,0.29255,0.0739,43,0,0.455,
497,0.01,0.75,45.0,0.0,20497,0.00317,0.29064,0.07435,35,0,0.455,
498,0.01,0.75,45.0,45.0,498,0.01258,0.18585,0.11683,9,0,0.436,
499,0.01,0.75,45.0,45.0,10499,0.01258,0.19142,0.11173,12,0,0.4594,
500,0.01,0.75,45.0,45.0,20500,0.01258,0.1789,0.11514,7,0,0.436,
501,0.01,0.75,45.0,90.0,501,0.01355,0.17059,0.115,9,0,0.4551,
502,0.01,0.75,45.0,90.0,10502,0.01355,0.17512,0.11508,6,0,0.455,
503,0.01,0.75,45.0,90.0,20503,0.01355,0.17301,0.10467,6,0,0.455,
504,0.01,0.75,50.0,0.0,504,0.00063,0.29079,0.08225,23,0,0.4553,
505,0.01,0.75,50.0,0.0,10505,0.00063,0.2899,0.07403,21,0,0.4562,
506,0.01,0.75,50.0,0.0,20506,0.00063,0.29106,0.07642,21,0,0.4551,
507,0.01,0.75,50.0,45.0,507,0.01167,0.17034,0.11285,7,0,0.4361,
508,0.01,0.75,50.0,45.0,10508,0.01167,0.2013,0.1249,8,0,0.455,
509,0.01,0.75,50.0,45.0,20509,0.01167,0.19539,0.131,9,0,0.455,
510,0.01,0.75,50.0,90.0,510,0.01286,0.19425,0.1285,5,0,0.455,
511,0.01,0.75,50.0,90.0,10511,0.01286,0.17238,0.11759,9,0,0.455,
512,0.01,0.75,50.0,90.0,20512,0.01286,0.16285,0.10516,6,0,0.455,
513,0.01,0.75,55.0,0.0,513,9.765625e-06,,,0,0,,no_grasps
514,0.01,0.75,55.0,0.0,10514,9.765625e-06,,,0,0,,no_grasps
515,0.01,0.75,55.0,0.0,20515,9.765625e-06,,,0,0,,no_grasps
516,0.01,0.75,55.0,45.0,516,0.01064,0.22157,0.12278,12,0,0.4597,
517,0.01,0.75,55.0,45.0,10517,0.01064,0.20158,0.1255,13,0,0.436,
518,0.01,0.75,55.0,45.0,20518,0.01064,0.18897,0.12076,8,0,0.4557,
519,0.01,0.75,55.0,90.0,519,0.01181,0.21425,0.10565,9,0,0.4623,
520,0.01,0.75,55.0,90.0,10520,0.01181,0.18344,0.10239,11,0,0.4556,
521,0.01,0.75,55.0,90.0,20521,0.01181,0.18489,0.11573,11,0,0.455,
522,0.01,0.75,60.0,0.0,522,0.82954,0.21614,0.17773,5,0,0.455,
523,0.01,0.75,60.0,0.0,10523,0.82954,0.18205,0.18358,4,0,0.455,
524,0.01,0.75,60.0,0.0,20524,0.82954,0.18312,0.17835,1,0,0.455,
525,0.01,0.75,60.0,45.0,525,0.00948,0.25797,0.12618,17,0,0.436,
526,0.01,0.75,60.0,45.0,10526,0.00948,0.24344,0.11601,18,0,0.4361,
527,0.01,0.75,60.0,45.0,20527,0.00948,0.18583,0.10875,10,0,0.455,
528,0.01,0.75,60.0,90.0,528,0.00971,0.27538,0.08799,23,0,0.4581,
529,0.01,0.75,60.0,90.0,10529,0.00971,0.28051,0.0868,21,0,0.4596,
530,0.01,0.75,60.0,90.0,20530,0.00971,0.2412,0.07272,17,0,0.436,
531,0.01,0.75,65.0,0.0,531,0.88555,0.1712,0.22661,5,0,0.455,
532,0.01,0.75,65.0,0.0,10532,0.88555,0.16287,0.31198,2,0,0.455,
533,0.01,0.75,65.0,0.0,20533,0.88555,0.18821,0.29803,5,0,0.455,
534,0.01,0.75,65.0,45.0,534,0.00818,0.25362,0.11996,15,0,0.4601,
535,0.01,0.75,65.0,45.0,10535,0.00818,0.27641,0.12251,15,0,0.461,
536,0.01,0.75,65.0,45.0,20536,0.00818,0.21976,0.12537,16,0,0.4554,
537,0.01,0.75,65.0,90.0,537,0.00615,0.28399,0.04855,22,0,0.036,
538,0.01,0.75,65.0,90.0,10538,0.00615,0.27641,0.06597,23,0,0.4619,
539,0.01,0.75,65.0,90.0,20539,0.00615,0.27179,0.07572,19,0,0.461,
540,0.01,0.5,30.0,0.0,540,0.00999,0.29128,0.0498,31,1,0.675,
541,0.01,0.5,30.0,0.0,10541,0.00999,0.28725,0.04338,23,1,0.675,
542,0.01,0.5,30.0,0.0,20542,0.00999,0.29334,0.05151,29,1,0.675,
543,0.01,0.5,30.0,45.0,543,0.01426,0.18569,0.0733,7,0,0.455,
544,0.01,0.5,30.0,45.0,10544,0.01426,0.1846,0.11107,9,0,0.455,
545,0.01,0.5,30.0,45.0,20545,0.014264322916666667,,,0,0,,no_grasps
546,0.01,0.5,30.0,90.0,546,0.014651692708333334,,,0,0,,no_grasps
547,0.01,0.5,30.0,90.0,10547,0.01465,0.17615,0.10781,8,0,0.457,
548,0.01,0.5,30.0,90.0,20548,0.01465,0.19349,0.12314,4,0,0.455,
549,0.01,0.5,45.0,0.0,549,0.00317,0.28978,0.06503,21,0,0.455,
550,0.01,0.5,45.0,0.0,10550,0.00317,0.29216,0.06454,19,1,0.675,
551,0.01,0.5,45.0,0.0,20551,0.00317,0.2919,0.06191,26,1,0.675,
552,0.01,0.5,45.0,45.0,552,0.01258,0.17712,0.12889,8,0,0.455,
553,0.01,0.5,45.0,45.0,10553,0.01258,0.21151,0.12173,8,0,0.4588,
554,0.01,0.5,45.0,45.0,20554,0.01258,0.17824,0.11152,1,0,0.455,
555,0.01,0.5,45.0,90.0,555,0.01355,0.16046,0.11406,4,0,0.455,
556,0.01,0.5,45.0,90.0,10556,0.01355,0.16748,0.13059,5,0,0.455,
557,0.01,0.5,45.0,90.0,20557,0.01355,0.1556,0.11364,1,0,0.4361,
558,0.01,0.5,50.0,0.0,558,0.00063,0.29062,0.07519,11,0,0.4561,
559,0.01,0.5,50.0,0.0,10559,0.00063,0.28447,0.07678,11,0,0.4552,
560,0.01,0.5,50.0,0.0,20560,0.00063,0.28469,0.0829,10,0,0.455,
561,0.01,0.5,50.0,45.0,561,0.01167,0.19876,0.11864,6,0,0.436,
562,0.01,0.5,50.0,45.0,10562,0.01167,0.16534,0.10483,3,0,0.436,
563,0.01,0.5,50.0,45.0,20563,0.01167,0.19742,0.11117,10,0,0.455,
564,0.01,0.5,50.0,90.0,564,0.01286,0.17749,0.11795,7,0,0.455,
565,0.01,0.5,50.0,90.0,10565,0.01286,0.23055,0.12305,2,0,0.436,
566,0.01,0.5,50.0,90.0,20566,0.01286,0.17295,0.12931,12,0,0.455,
567,0.01,0.5,55.0,0.0,567,9.765625e-06,,,0,0,,no_grasps
568,0.01,0.5,55.0,0.0,10568,9.765625e-06,,,0,0,,no_grasps
569,0.01,0.5,55.0,0.0,20569,9.765625e-06,,,0,0,,no_grasps
570,0.01,0.5,55.0,45.0,570,0.01064,0.25184,0.12478,13,0,0.436,
571,0.01,0.5,55.0,45.0,10571,0.01064,0.19268,0.11281,6,0,0.455,
572,0.01,0.5,55.0,45.0,20572,0.01064,0.22296,0.12709,3,0,0.4555,
573,0.01,0.5,55.0,90.0,573,0.01181,0.24756,0.12051,12,0,0.455,
574,0.01,0.5,55.0,90.0,10574,0.01181,0.22525,0.11607,11,0,0.4616,
575,0.01,0.5,55.0,90.0,20575,0.01181,0.19022,0.12115,5,0,0.455,
576,0.01,0.5,60.0,0.0,576,0.82954,0.18587,0.18135,2,0,0.455,
577,0.01,0.5,60.0,0.0,10577,0.8295377604166667,,,0,0,,no_grasps
578,0.01,0.5,60.0,0.0,20578,0.82954,0.21467,0.17295,5,0,0.455,
579,0.01,0.5,60.0,45.0,579,0.00948,0.19987,0.13394,6,0,0.455,
580,0.01,0.5,60.0,45.0,10580,0.00948,0.24438,0.12848,9,0,0.455,
581,0.01,0.5,60.0,45.0,20581,0.00948,0.22397,0.10274,7,0,0.455,
582,0.01,0.5,60.0,90.0,582,0.00971,0.29059,0.08522,13,0,0.4607,
583,0.01,0.5,60.0,90.0,10583,0.00971,0.27967,0.07242,14,0,0.4605,
584,0.01,0.5,60.0,90.0,20584,0.00971,0.26162,0.08023,14,0,0.4623,
585,0.01,0.5,65.0,0.0,585,0.885546875,,,0,0,,no_grasps
586,0.01,0.5,65.0,0.0,10586,0.88555,0.17836,0.29147,2,0,0.455,
587,0.01,0.5,65.0,0.0,20587,0.885546875,,,0,0,,no_grasps
588,0.01,0.5,65.0,45.0,588,0.00818,0.25055,0.12395,10,0,0.4598,
589,0.01,0.5,65.0,45.0,10589,0.00818,0.25267,0.12851,17,0,0.4589,
590,0.01,0.5,65.0,45.0,20590,0.00818,0.19669,0.11618,9,0,0.455,
591,0.01,0.5,65.0,90.0,591,0.00615,0.27207,0.05225,10,0,0.4595,
592,0.01,0.5,65.0,90.0,10592,0.00615,0.26942,0.07382,16,0,0.4552,
593,0.01,0.5,65.0,90.0,20593,0.00615,0.27778,0.07308,20,0,0.456,
594,0.01,0.25,30.0,0.0,594,0.00999,0.28713,0.04958,10,1,0.675,
595,0.01,0.25,30.0,0.0,10595,0.00999,0.2933,0.04909,18,1,0.675,
596,0.01,0.25,30.0,0.0,20596,0.00999,0.29323,0.05453,18,1,0.675,
597,0.01,0.25,30.0,45.0,597,0.01426,0.15929,0.10537,2,0,0.455,
598,0.01,0.25,30.0,45.0,10598,0.01426,0.17193,0.11497,1,0,0.455,
599,0.01,0.25,30.0,45.0,20599,0.01426,0.19593,0.10956,4,0,0.455,
600,0.01,0.25,30.0,90.0,600,0.014651692708333334,,,0,0,,no_grasps
601,0.01,0.25,30.0,90.0,10601,0.01465,0.19429,0.08,4,0,0.455,
602,0.01,0.25,30.0,90.0,20602,0.014651692708333334,,,0,0,,no_grasps
603,0.01,0.25,45.0,0.0,603,0.00317,0.2879,0.06962,13,0,0.455,
604,0.01,0.25,45.0,0.0,10604,0.00317,0.2596,0.09987,4,0,0.455,
605,0.01,0.25,45.0,0.0,20605,0.00317,0.28998,0.07781,10,0,0.455,
606,0.01,0.25,45.0,45.0,606,0.01258,0.1743,0.11372,5,0,0.455,
607,0.01,0.25,45.0,45.0,10607,0.01258,0.17068,0.09952,4,0,0.4551,
608,0.01,0.25,45.0,45.0,20608,0.01258,0.15893,0.10069,4,0,0.436,
609,0.01,0.25,45.0,90.0,609,0.01355,0.1629,0.11796,3,0,0.436,
610,0.01,0.25,45.0,90.0,10610,0.0135546875,,,0,0,,no_grasps
611,0.01,0.25,45.0,90.0,20611,0.01355,0.15379,0.11904,2,0,0.455,
612,0.01,0.25,50.0,0.0,612,0.00063,0.27527,0.08514,6,0,0.4551,
613,0.01,0.25,50.0,0.0,10613,0.00063,0.28468,0.07532,3,0,0.4552,
614,0.01,0.25,50.0,0.0,20614,0.00063,0.27898,0.08422,5,0,0.455,
615,0.01,0.25,50.0,45.0,615,0.01167,0.19309,0.09916,4,0,0.4548,
616,0.01,0.25,50.0,45.0,10616,0.01167,0.19744,0.13992,5,0,0.455,
617,0.01,0.25,50.0,45.0,20617,0.01167,0.18487,0.1172,2,0,0.436,
618,0.01,0.25,50.0,90.0,618,0.01286,0.18777,0.12848,2,0,0.4631,
619,0.01,0.25,50.0,90.0,10619,0.01286,0.19104,0.11951,4,0,0.4552,
620,0.01,0.25,50.0,90.0,20620,0.01286,0.17158,0.11609,1,0,0.455,
621,0.01,0.25,55.0,0.0,621,9.765625e-06,,,0,0,,no_grasps
622,0.01,0.25,55.0,0.0,10622,9.765625e-06,,,0,0,,no_grasps
623,0.01,0.25,55.0,0.0,20623,9.765625e-06,,,0,0,,no_grasps
624,0.01,0.25,55.0,45.0,624,0.01064,0.23265,0.12026,6,0,0.436,
625,0.01,0.25,55.0,45.0,10625,0.01064,0.22302,0.10966,9,0,0.455,
626,0.01,0.25,55.0,45.0,20626,0.01064,0.19245,0.11316,7,0,0.455,
627,0.01,0.25,55.0,90.0,627,0.01181,0.20099,0.12255,2,0,0.455,
628,0.01,0.25,55.0,90.0,10628,0.01181,0.2176,0.11966,7,0,0.455,
629,0.01,0.25,55.0,90.0,20629,0.01181,0.16415,0.12292,2,0,0.455,
630,0.01,0.25,60.0,0.0,630,0.82954,0.17687,0.21985,2,0,0.455,
631,0.01,0.25,60.0,0.0,10631,0.82954,0.16955,0.22209,1,0,0.455,
632,0.01,0.25,60.0,0.0,20632,0.82954,0.1622,0.13456,1,0,0.455,
633,0.01,0.25,60.0,45.0,633,0.00948,0.19996,0.10618,7,0,0.455,
634,0.01,0.25,60.0,45.0,10634,0.00948,0.2042,0.12031,6,0,0.4596,
635,0.01,0.25,60.0,45.0,20635,0.00948,0.21213,0.11066,4,0,0.455,
636,0.01,0.25,60.0,90.0,636,0.00971,0.20835,0.11295,8,0,0.455,
637,0.01,0.25,60.0,90.0,10637,0.00971,0.23319,0.05936,3,0,0.4615,
638,0.01,0.25,60.0,90.0,20638,0.00971,0.2151,0.07377,8,0,0.436,
639,0.01,0.25,65.0,0.0,639,0.88555,0.15022,0.217,1,0,0.455,
640,0.01,0.25,65.0,0.0,10640,0.885546875,,,0,0,,no_grasps
641,0.01,0.25,65.0,0.0,20641,0.885546875,,,0,0,,no_grasps
642,0.01,0.25,65.0,45.0,642,0.00818,0.20661,0.11482,6,0,0.436,
643,0.01,0.25,65.0,45.0,10643,0.00818,0.20194,0.11408,7,0,0.455,
644,0.01,0.25,65.0,45.0,20644,0.00818,0.22597,0.1156,1,0,0.4601,
645,0.01,0.25,65.0,90.0,645,0.00615,0.27201,0.02917,8,1,0.675,
646,0.01,0.25,65.0,90.0,10646,0.00615,0.25188,0.07653,9,0,0.459,
647,0.01,0.25,65.0,90.0,20647,0.00615,0.24514,0.07935,12,0,0.4622,
648,0.015,1.0,30.0,0.0,648,0.00999,0.29345,0.0521,58,1,0.675,
649,0.015,1.0,30.0,0.0,10649,0.00999,0.2919,0.06237,59,1,0.675,
650,0.015,1.0,30.0,0.0,20650,0.00999,0.29356,0.05051,48,1,0.675,
651,0.015,1.0,30.0,45.0,651,0.01426,0.20326,0.11649,8,0,0.455,
652,0.015,1.0,30.0,45.0,10652,0.01426,0.18576,0.12792,3,0,0.455,
653,0.015,1.0,30.0,45.0,20653,0.01426,0.18319,0.11326,4,0,0.455,
654,0.015,1.0,30.0,90.0,654,0.01465,0.16575,0.13536,2,0,0.455,
655,0.015,1.0,30.0,90.0,10655,0.01465,0.23103,0.12675,3,0,0.455,
656,0.015,1.0,30.0,90.0,20656,0.014651692708333334,,,0,0,,no_grasps
657,0.015,1.0,45.0,0.0,657,0.00317,0.29295,0.05896,37,1,0.675,
658,0.015,1.0,45.0,0.0,10658,0.00317,0.28854,0.08322,32,0,0.455,
659,0.015,1.0,45.0,0.0,20659,0.00317,0.29176,0.05171,39,1,0.675,
660,0.015,1.0,45.0,45.0,660,0.01258,0.16692,0.12428,2,0,0.4633,
661,0.015,1.0,45.0,45.0,10661,0.012581380208333333,,,0,0,,no_grasps
662,0.015,1.0,45.0,45.0,20662,0.01258,0.25097,0.15783,3,0,0.455,
663,0.015,1.0,45.0,90.0,663,0.01355,0.16512,0.13831,2,0,0.455,
664,0.015,1.0,45.0,90.0,10664,0.01355,0.20765,0.12402,8,0,0.436,
665,0.015,1.0,45.0,90.0,20665,0.01355,0.15566,0.14633,1,0,0.455,
666,0.015,1.0,50.0,0.0,666,0.00063,0.29049,0.05935,26,1,0.675,
667,0.015,1.0,50.0,0.0,10667,0.00063,0.29346,0.06992,25,0,0.455,
668,0.015,1.0,50.0,0.0,20668,0.00063,0.29046,0.06844,24,0,0.4558,
669,0.015,1.0,50.0,45.0,669,0.01167,0.17079,0.12412,3,0,0.436,
670,0.015,1.0,50.0,45.0,10670,0.01167,0.16419,0.13792,2,0,0.455,
671,0.015,1.0,50.0,45.0,20671,0.011666666666666667,,,0,0,,no_grasps
672,0.015,1.0,50.0,90.0,672,0.01286,0.17818,0.11641,5,0,0.436,
673,0.015,1.0,50.0,90.0,10673,0.01286,0.21843,0.12701,3,0,0.436,
674,0.015,1.0,50.0,90.0,20674,0.01286,0.15752,0.12325,2,0,0.4594,
675,0.015,1.0,55.0,0.0,675,9.765625e-06,,,0,0,,no_grasps
676,0.015,1.0,55.0,0.0,10676,1e-05,0.23879,0.04644,1,1,0.675,
677,0.015,1.0,55.0,0.0,20677,9.765625e-06,,,0,0,,no_grasps
678,0.015,1.0,55.0,45.0,678,0.01064,0.24565,0.14078,6,0,0.455,
679,0.015,1.0,55.0,45.0,10679,0.01064,0.20491,0.13282,7,0,0.455,
680,0.015,1.0,55.0,45.0,20680,0.01064,0.24062,0.12284,8,0,0.436,
681,0.015,1.0,55.0,90.0,681,0.01181,0.1627,0.0857,1,0,0.455,
682,0.015,1.0,55.0,90.0,10682,0.01181,0.18785,0.12095,4,0,0.455,
683,0.015,1.0,55.0,90.0,20683,0.01181,0.16033,0.12788,2,0,0.455,
684,0.015,1.0,60.0,0.0,684,0.8295377604166667,,,0,0,,no_grasps
685,0.015,1.0,60.0,0.0,10685,0.82954,0.15044,0.19374,1,0,0.455,
686,0.015,1.0,60.0,0.0,20686,0.8295377604166667,,,0,0,,no_grasps
687,0.015,1.0,60.0,45.0,687,0.00948,0.22987,0.12831,7,0,0.436,
688,0.015,1.0,60.0,45.0,10688,0.009482421875,,,0,0,,no_grasps
689,0.015,1.0,60.0,45.0,20689,0.00948,0.21513,0.12178,8,0,0.4609,
690,0.015,1.0,60.0,90.0,690,0.00971,0.26374,0.09088,24,0,0.459,
691,0.015,1.0,60.0,90.0,10691,0.00971,0.24959,0.07267,28,0,0.436,
692,0.015,1.0,60.0,90.0,20692,0.00971,0.22074,0.09133,29,0,0.4606,
693,0.015,1.0,65.0,0.0,693,0.885546875,,,0,0,,no_grasps
694,0.015,1.0,65.0,0.0,10694,0.885546875,,,0,0,,no_grasps
695,0.015,1.0,65.0,0.0,20695,0.885546875,,,0,0,,no_grasps
696,0.015,1.0,65.0,45.0,696,0.00818,0.18594,0.10628,7,0,0.455,
697,0.015,1.0,65.0,45.0,10697,0.00818,0.25201,0.13114,10,0,0.46,
698,0.015,1.0,65.0,45.0,20698,0.00818,0.20672,0.11878,6,0,0.436,
699,0.015,1.0,65.0,90.0,699,0.00615,0.23833,0.07299,29,0,0.4584,
700,0.015,1.0,65.0,90.0,10700,0.00615,0.25056,0.0625,23,0,0.4563,
701,0.015,1.0,65.0,90.0,20701,0.00615,0.26609,0.07227,20,0,0.455,
702,0.015,0.75,30.0,0.0,702,0.00999,0.29297,0.05667,56,1,0.675,
703,0.015,0.75,30.0,0.0,10703,0.00999,0.2915,0.0522,41,1,0.675,
704,0.015,0.75,30.0,0.0,20704,0.00999,0.29277,0.04889,41,1,0.675,
705,0.015,0.75,30.0,45.0,705,0.01426,0.16882,0.13675,5,0,0.455,
706,0.015,0.75,30.0,45.0,10706,0.01426,0.17675,0.13216,3,0,0.455,
707,0.015,0.75,30.0,45.0,20707,0.01426,0.19057,0.15546,4,0,0.455,
708,0.015,0.75,30.0,90.0,708,0.01465,0.21735,0.1287,6,0,0.455,
709,0.015,0.75,30.0,90.0,10709,0.01465,0.17853,0.14394,4,0,0.455,
710,0.015,0.75,30.0,90.0,20710,0.01465,0.21482,0.15496,3,0,0.455,
711,0.015,0.75,45.0,0.0,711,0.00317,0.29359,0.05721,31,1,0.675,
712,0.015,0.75,45.0,0.0,10712,0.00317,0.29253,0.05339,33,1,0.675,
713,0.015,0.75,45.0,0.0,20713,0.00317,0.29353,0.05894,40,1,0.675,
714,0.015,0.75,45.0,45.0,714,0.01258,0.22553,0.15726,3,0,0.455,
715,0.015,0.75,45.0,45.0,10715,0.01258,0.15534,0.12484,2,0,0.436,
716,0.015,0.75,45.0,45.0,20716,0.01258,0.17051,0.14718,2,0,0.455,
717,0.015,0.75,45.0,90.0,717,0.01355,0.15121,0.13541,1,0,0.455,
718,0.015,0.75,45.0,90.0,10718,0.01355,0.17428,0.12251,2,0,0.4595,
719,0.015,0.75,45.0,90.0,20719,0.01355,0.18769,0.12268,5,0,0.455,
720,0.015,0.75,50.0,0.0,720,0.00063,0.29344,0.0797,18,0,0.4553,
721,0.015,0.75,50.0,0.0,10721,0.00063,0.29252,0.063,15,0,0.4558,
722,0.015,0.75,50.0,0.0,20722,0.00063,0.29066,0.07137,18,0,0.4561,
723,0.015,0.75,50.0,45.0,723,0.01167,0.20192,0.12659,5,0,0.4595,
724,0.015,0.75,50.0,45.0,10724,0.01167,0.16215,0.12412,1,0,0.436,
725,0.015,0.75,50.0,45.0,20725,0.01167,0.16121,0.14017,2,0,0.455,
726,0.015,0.75,50.0,90.0,726,0.01286,0.22188,0.11985,2,0,0.4608,
727,0.015,0.75,50.0,90.0,10727,0.01286,0.21387,0.12066,3,0,0.455,
728,0.015,0.75,50.0,90.0,20728,0.01286,0.16048,0.12688,2,0,0.455,
729,0.015,0.75,55.0,0.0,729,9.765625e-06,,,0,0,,no_grasps
730,0.015,0.75,55.0,0.0,10730,9.765625e-06,,,0,0,,no_grasps
731,0.015,0.75,55.0,0.0,20731,9.765625e-06,,,0,0,,no_grasps
732,0.015,0.75,55.0,45.0,732,0.01064,0.17467,0.12282,3,0,0.4593,
733,0.015,0.75,55.0,45.0,10733,0.01064,0.2123,0.11391,3,0,0.455,
734,0.015,0.75,55.0,45.0,20734,0.01064,0.21029,0.12492,1,0,0.436,
735,0.015,0.75,55.0,90.0,735,0.01181,0.19094,0.11271,4,0,0.464,
736,0.015,0.75,55.0,90.0,10736,0.01181,0.18615,0.11746,2,0,0.455,
737,0.015,0.75,55.0,90.0,20737,0.01181,0.26968,0.10129,8,0,0.4633,
738,0.015,0.75,60.0,0.0,738,0.8295377604166667,,,0,0,,no_grasps
739,0.015,0.75,60.0,0.0,10739,0.82954,0.15327,0.10742,2,0,0.455,
740,0.015,0.75,60.0,0.0,20740,0.8295377604166667,,,0,0,,no_grasps
741,0.015,0.75,60.0,45.0,741,0.00948,0.2187,0.12084,5,0,0.436,
742,0.015,0.75,60.0,45.0,10742,0.00948,0.18809,0.1273,3,0,0.4551,
743,0.015,0.75,60.0,45.0,20743,0.00948,0.24602,0.12995,9,0,0.4609,
744,0.015,0.75,60.0,90.0,744,0.00971,0.23097,0.10122,13,0,0.455,
745,0.015,0.75,60.0,90.0,10745,0.00971,0.21724,0.12102,10,0,0.4608,
746,0.015,0.75,60.0,90.0,20746,0.00971,0.22745,0.11276,9,0,0.4361,
747,0.015,0.75,65.0,0.0,747,0.885546875,,,0,0,,no_grasps
748,0.015,0.75,65.0,0.0,10748,0.885546875,,,0,0,,no_grasps
749,0.015,0.75,65.0,0.0,20749,0.885546875,,,0,0,,no_grasps
750,0.015,0.75,65.0,45.0,750,0.00818,0.23904,0.12852,6,0,0.4556,
751,0.015,0.75,65.0,45.0,10751,0.00818,0.24059,0.12445,7,0,0.4594,
752,0.015,0.75,65.0,45.0,20752,0.00818,0.28809,0.11991,16,0,0.455,
753,0.015,0.75,65.0,90.0,753,0.00615,0.27162,0.07332,17,0,0.4567,
754,0.015,0.75,65.0,90.0,10754,0.00615,0.26364,0.07529,23,0,0.4579,
755,0.015,0.75,65.0,90.0,20755,0.00615,0.2701,0.06921,16,0,0.4579,
756,0.015,0.5,30.0,0.0,756,0.00999,0.29337,0.0511,31,1,0.675,
757,0.015,0.5,30.0,0.0,10757,0.00999,0.29076,0.06155,29,1,0.675,
758,0.015,0.5,30.0,0.0,20758,0.00999,0.2921,0.06077,23,1,0.675,
759,0.015,0.5,30.0,45.0,759,0.01426,0.16074,0.13162,5,0,0.455,
760,0.015,0.5,30.0,45.0,10760,0.01426,0.16296,0.13106,1,0,0.455,
761,0.015,0.5,30.0,45.0,20761,0.01426,0.1772,0.13037,1,0,0.455,
762,0.015,0.5,30.0,90.0,762,0.01465,0.1647,0.13564,4,0,0.455,
763,0.015,0.5,30.0,90.0,10763,0.01465,0.17868,0.12995,2,0,0.455,
764,0.015,0.5,30.0,90.0,20764,0.01465,0.16703,0.14282,2,0,0.455,
765,0.015,0.5,45.0,0.0,765,0.00317,0.29277,0.05569,17,1,0.675,
766,0.015,0.5,45.0,0.0,10766,0.00317,0.29039,0.0863,13,0,0.4551,
767,0.015,0.5,45.0,0.0,20767,0.00317,0.29235,0.08011,22,0,0.455,
768,0.015,0.5,45.0,45.0,768,0.01258,0.17806,0.13579,4,0,0.455,
769,0.015,0.5,45.0,45.0,10769,0.012581380208333333,,,0,0,,no_grasps
770,0.015,0.5,45.0,45.0,20770,0.01258,0.19075,0.15027,2,0,0.455,
771,0.015,0.5,45.0,90.0,771,0.0135546875,,,0,0,,no_grasps
772,0.015,0.5,45.0,90.0,10772,0.01355,0.15913,0.15327,3,0,0.455,
773,0.015,0.5,45.0,90.0,20773,0.0135546875,,,0,0,,no_grasps
774,0.015,0.5,50.0,0.0,774,0.00063,0.29097,0.05509,10,1,0.675,
775,0.015,0.5,50.0,0.0,10775,0.00063,0.29293,0.07058,14,0,0.456,
776,0.015,0.5,50.0,0.0,20776,0.00063,0.29306,0.06615,12,0,0.4564,
777,0.015,0.5,50.0,45.0,777,0.01167,0.20935,0.12653,6,0,0.436,
778,0.015,0.5,50.0,45.0,10778,0.01167,0.16803,0.12382,2,0,0.436,
779,0.015,0.5,50.0,45.0,20779,0.01167,0.1687,0.13505,2,0,0.455,
780,0.015,0.5,50.0,90.0,780,0.01286,0.20172,0.15295,2,0,0.455,
781,0.015,0.5,50.0,90.0,10781,0.01286,0.17929,0.11718,5,0,0.436,
782,0.015,0.5,50.0,90.0,20782,0.012861328125,,,0,0,,no_grasps
783,0.015,0.5,55.0,0.0,783,9.765625e-06,,,0,0,,no_grasps
784,0.015,0.5,55.0,0.0,10784,9.765625e-06,,,0,0,,no_grasps
785,0.015,0.5,55.0,0.0,20785,9.765625e-06,,,0,0,,no_grasps
786,0.015,0.5,55.0,45.0,786,0.01064,0.24386,0.13971,4,0,0.455,
787,0.015,0.5,55.0,45.0,10787,0.01064,0.18916,0.11899,1,0,0.436,
788,0.015,0.5,55.0,45.0,20788,0.01064,0.17245,0.1188,1,0,0.455,
789,0.015,0.5,55.0,90.0,789,0.01181,0.2297,0.11476,8,0,0.4583,
790,0.015,0.5,55.0,90.0,10790,0.01181,0.25251,0.10645,5,0,0.4657,
791,0.015,0.5,55.0,90.0,20791,0.01181,0.22202,0.10929,4,0,0.4361,
792,0.015,0.5,60.0,0.0,792,0.8295377604166667,,,0,0,,no_grasps
793,0.015,0.5,60.0,0.0,10793,0.8295377604166667,,,0,0,,no_grasps
794,0.015,0.5,60.0,0.0,20794,0.8295377604166667,,,0,0,,no_grasps
795,0.015,0.5,60.0,45.0,795,0.00948,0.22877,0.12983,5,0,0.455,
796,0.015,0.5,60.0,45.0,10796,0.00948,0.22653,0.12235,4,0,0.455,
797,0.015,0.5,60.0,45.0,20797,0.00948,0.21385,0.11844,6,0,0.4555,
798,0.015,0.5,60.0,90.0,798,0.00971,0.26401,0.07856,15,0,0.4617,
799,0.015,0.5,60.0,90.0,10799,0.00971,0.23781,0.07649,8,0,0.4643,
800,0.015,0.5,60.0,90.0,20800,0.00971,0.24491,0.08838,7,0,0.4584,
801,0.015,0.5,65.0,0.0,801,0.885546875,,,0,0,,no_grasps
802,0.015,0.5,65.0,0.0,10802,0.885546875,,,0,0,,no_grasps
803,0.015,0.5,65.0,0.0,20803,0.885546875,,,0,0,,no_grasps
804,0.015,0.5,65.0,45.0,804,0.00818,0.28733,0.1249,10,0,0.455,
805,0.015,0.5,65.0,45.0,10805,0.00818,0.18798,0.11897,4,0,0.436,
806,0.015,0.5,65.0,45.0,20806,0.00818,0.25129,0.12741,5,0,0.455,
807,0.015,0.5,65.0,90.0,807,0.00615,0.23362,0.06175,11,0,0.036,
808,0.015,0.5,65.0,90.0,10808,0.00615,0.27413,0.07459,11,0,0.4572,
809,0.015,0.5,65.0,90.0,20809,0.00615,0.24467,0.08168,14,0,0.455,
810,0.015,0.25,30.0,0.0,810,0.00999,0.29253,0.04976,9,1,0.675,
811,0.015,0.25,30.0,0.0,10811,0.00999,0.28793,0.05062,10,1,0.675,
812,0.015,0.25,30.0,0.0,20812,0.00999,0.29347,0.05118,12,1,0.675,
813,0.015,0.25,30.0,45.0,813,0.01426,0.15759,0.12321,2,0,0.455,
814,0.015,0.25,30.0,45.0,10814,0.014264322916666667,,,0,0,,no_grasps
815,0.015,0.25,30.0,45.0,20815,0.01426,0.18827,0.13434,1,0,0.455,
816,0.015,0.25,30.0,90.0,816,0.01465,0.17428,0.1215,1,0,0.455,
817,0.015,0.25,30.0,90.0,10817,0.014651692708333334,,,0,0,,no_grasps
818,0.015,0.25,30.0,90.0,20818,0.014651692708333334,,,0,0,,no_grasps
819,0.015,0.25,45.0,0.0,819,0.00317,0.29149,0.06769,11,0,0.455,
820,0.015,0.25,45.0,0.0,10820,0.00317,0.27748,0.09007,7,0,0.455,
821,0.015,0.25,45.0,0.0,20821,0.00317,0.29288,0.07705,10,0,0.4552,
822,0.015,0.25,45.0,45.0,822,0.01258,0.17266,0.13154,1,0,0.455,
823,0.015,0.25,45.0,45.0,10823,0.01258,0.17493,0.12845,1,0,0.455,
824,0.015,0.25,45.0,45.0,20824,0.01258,0.15404,0.12013,1,0,0.455,
825,0.015,0.25,45.0,90.0,825,0.01355,0.21829,0.15875,1,0,0.455,
826,0.015,0.25,45.0,90.0,10826,0.01355,0.16771,0.12649,2,0,0.455,
827,0.015,0.25,45.0,90.0,20827,0.0135546875,,,0,0,,no_grasps
828,0.015,0.25,50.0,0.0,828,0.00063,0.29028,0.06629,3,0,0.4563,
829,0.015,0.25,50.0,0.0,10829,0.00063,0.28512,0.05626,5,1,0.675,
830,0.015,0.25,50.0,0.0,20830,0.00063,0.29334,0.06461,8,1,0.675,
831,0.015,0.25,50.0,45.0,831,0.01167,0.18394,0.13561,1,0,0.455,
832,0.015,0.25,50.0,45.0,10832,0.01167,0.15672,0.13879,1,0,0.455,
833,0.015,0.25,50.0,45.0,20833,0.011666666666666667,,,0,0,,no_grasps
834,0.015,0.25,50.0,90.0,834,0.012861328125,,,0,0,,no_grasps
835,0.015,0.25,50.0,90.0,10835,0.01286,0.17144,0.12881,1,0,0.455,
836,0.015,0.25,50.0,90.0,20836,0.01286,0.17217,0.12506,2,0,0.455,
837,0.015,0.25,55.0,0.0,837,9.765625e-06,,,0,0,,no_grasps
838,0.015,0.25,55.0,0.0,10838,9.765625e-06,,,0,0,,no_grasps
839,0.015,0.25,55.0,0.0,20839,9.765625e-06,,,0,0,,no_grasps
840,0.015,0.25,55.0,45.0,840,0.010638020833333333,,,0,0,,no_grasps
841,0.015,0.25,55.0,45.0,10841,0.01064,0.19349,0.13861,1,0,0.455,
842,0.015,0.25,55.0,45.0,20842,0.01064,0.20936,0.13791,3,0,0.455,
843,0.015,0.25,55.0,90.0,843,0.01181,0.19259,0.12569,2,0,0.455,
844,0.015,0.25,55.0,90.0,10844,0.011809895833333334,,,0,0,,no_grasps
845,0.015,0.25,55.0,90.0,20845,0.01181,0.15021,0.1324,1,0,0.455,
846,0.015,0.25,60.0,0.0,846,0.8295377604166667,,,0,0,,no_grasps
847,0.015,0.25,60.0,0.0,10847,0.8295377604166667,,,0,0,,no_grasps
848,0.015,0.25,60.0,0.0,20848,0.8295377604166667,,,0,0,,no_grasps
849,0.015,0.25,60.0,45.0,849,0.00948,0.219,0.11946,3,0,0.436,
850,0.015,0.25,60.0,45.0,10850,0.00948,0.19663,0.11778,5,0,0.4559,
851,0.015,0.25,60.0,45.0,20851,0.00948,0.22927,0.12981,3,0,0.4606,
852,0.015,0.25,60.0,90.0,852,0.00971,0.22623,0.1256,4,0,0.455,
853,0.015,0.25,60.0,90.0,10853,0.00971,0.21216,0.07421,5,0,0.436,
854,0.015,0.25,60.0,90.0,20854,0.00971,0.20973,0.11438,6,0,0.455,
855,0.015,0.25,65.0,0.0,855,0.885546875,,,0,0,,no_grasps
856,0.015,0.25,65.0,0.0,10856,0.885546875,,,0,0,,no_grasps
857,0.015,0.25,65.0,0.0,20857,0.88555,0.15206,0.29842,1,0,0.455,
858,0.015,0.25,65.0,45.0,858,0.00818,0.19864,0.11759,3,0,0.436,
859,0.015,0.25,65.0,45.0,10859,0.00818,0.21446,0.11291,6,0,0.036,
860,0.015,0.25,65.0,45.0,20860,0.00818,0.24789,0.13047,5,0,0.455,
861,0.015,0.25,65.0,90.0,861,0.00615,0.25494,0.06251,6,0,0.4608,
862,0.015,0.25,65.0,90.0,10862,0.00615,0.25355,0.07978,8,0,0.4594,
863,0.015,0.25,65.0,90.0,20863,0.00615,0.24095,0.0624,9,0,0.4594,
864,0.02,1.0,30.0,0.0,864,0.00999,0.29077,0.04078,34,1,0.675,
865,0.02,1.0,30.0,0.0,10865,0.00999,0.29364,0.04522,37,1,0.675,
866,0.02,1.0,30.0,0.0,20866,0.00999,0.29214,0.09041,29,0,0.455,
867,0.02,1.0,30.0,45.0,867,0.01426,0.15387,0.1306,2,0,0.455,
868,0.02,1.0,30.0,45.0,10868,0.01426,0.15839,0.13866,1,0,0.455,
869,0.02,1.0,30.0,45.0,20869,0.01426,0.2118,0.13036,6,0,0.455,
870,0.02,1.0,30.0,90.0,870,0.01465,0.21625,0.13906,10,0,0.455,
871,0.02,1.0,30.0,90.0,10871,0.01465,0.2521,0.14684,6,0,0.455,
872,0.02,1.0,30.0,90.0,20872,0.01465,0.1631,0.11961,1,0,0.455,
873,0.02,1.0,45.0,0.0,873,0.00317,0.28996,0.05696,30,1,0.675,
874,0.02,1.0,45.0,0.0,10874,0.00317,0.28536,0.06874,17,0,0.4552,
875,0.02,1.0,45.0,0.0,20875,0.00317,0.29385,0.04844,34,1,0.675,
876,0.02,1.0,45.0,45.0,876,0.012581380208333333,,,0,0,,no_grasps
877,0.02,1.0,45.0,45.0,10877,0.01258,0.20367,0.12223,3,0,0.455,
878,0.02,1.0,45.0,45.0,20878,0.012581380208333333,,,0,0,,no_grasps
879,0.02,1.0,45.0,90.0,879,0.01355,0.17002,0.13686,3,0,0.455,
880,0.02,1.0,45.0,90.0,10880,0.01355,0.1703,0.14996,1,0,0.455,
881,0.02,1.0,45.0,90.0,20881,0.01355,0.15073,0.13395,1,0,0.455,
882,0.02,1.0,50.0,0.0,882,0.00063,0.28463,0.06058,16,0,0.4564,
883,0.02,1.0,50.0,0.0,10883,0.00063,0.27901,0.05871,14,1,0.675,
884,0.02,1.0,50.0,0.0,20884,0.00063,0.29332,0.06418,19,0,0.4576,
885,0.02,1.0,50.0,45.0,885,0.011666666666666667,,,0,0,,no_grasps
886,0.02,1.0,50.0,45.0,10886,0.01167,0.17785,0.13268,4,0,0.455,
887,0.02,1.0,50.0,45.0,20887,0.01167,0.17345,0.14456,1,0,0.455,
888,0.02,1.0,50.0,90.0,888,0.012861328125,,,0,0,,no_grasps
889,0.02,1.0,50.0,90.0,10889,0.012861328125,,,0,0,,no_grasps
890,0.02,1.0,50.0,90.0,20890,0.012861328125,,,0,0,,no_grasps
891,0.02,1.0,55.0,0.0,891,9.765625e-06,,,0,0,,no_grasps
892,0.02,1.0,55.0,0.0,10892,9.765625e-06,,,0,0,,no_grasps
893,0.02,1.0,55.0,0.0,20893,9.765625e-06,,,0,0,,no_grasps
894,0.02,1.0,55.0,45.0,894,0.010638020833333333,,,0,0,,no_grasps
895,0.02,1.0,55.0,45.0,10895,0.01064,0.20484,0.13329,2,0,0.455,
896,0.02,1.0,55.0,45.0,20896,0.010638020833333333,,,0,0,,no_grasps
897,0.02,1.0,55.0,90.0,897,0.01181,0.20772,0.09945,1,0,0.459,
898,0.02,1.0,55.0,90.0,10898,0.011809895833333334,,,0,0,,no_grasps
899,0.02,1.0,55.0,90.0,20899,0.01181,0.20588,0.07177,4,0,0.455,
900,0.02,1.0,60.0,0.0,900,0.8295377604166667,,,0,0,,no_grasps
901,0.02,1.0,60.0,0.0,10901,0.82954,0.20374,0.26571,5,0,0.455,
902,0.02,1.0,60.0,0.0,20902,0.82954,0.16883,0.25144,5,0,0.455,
903,0.02,1.0,60.0,45.0,903,0.00948,0.19607,0.13259,1,0,0.4587,
904,0.02,1.0,60.0,45.0,10904,0.00948,0.18566,0.12645,1,0,0.4616,
905,0.02,1.0,60.0,45.0,20905,0.009482421875,,,0,0,,no_grasps
906,0.02,1.0,60.0,90.0,906,0.00971,0.15599,0.11073,2,0,0.455,
907,0.02,1.0,60.0,90.0,10907,0.00971,0.19836,0.07605,4,0,0.436,
908,0.02,1.0,60.0,90.0,20908,0.00971,0.19796,0.07135,6,0,0.4584,
909,0.02,1.0,65.0,0.0,909,0.885546875,,,0,0,,no_grasps
910,0.02,1.0,65.0,0.0,10910,0.885546875,,,0,0,,no_grasps
911,0.02,1.0,65.0,0.0,20911,0.88555,0.17803,0.13085,3,0,0.455,
912,0.02,1.0,65.0,45.0,912,0.008177083333333333,,,0,0,,no_grasps
913,0.02,1.0,65.0,45.0,10913,0.00818,0.15278,0.11612,1,0,0.436,
914,0.02,1.0,65.0,45.0,20914,0.008177083333333333,,,0,0,,no_grasps
915,0.02,1.0,65.0,90.0,915,0.00615,0.2255,0.0897,16,0,0.455,
916,0.02,1.0,65.0,90.0,10916,0.00615,0.20844,0.08692,5,0,0.455,
917,0.02,1.0,65.0,90.0,20917,0.00615,0.21813,0.08699,9,0,0.455,
918,0.02,0.75,30.0,0.0,918,0.00999,0.29152,0.04657,31,1,0.675,
919,0.02,0.75,30.0,0.0,10919,0.00999,0.29343,0.04868,32,1,0.675,
920,0.02,0.75,30.0,0.0,20920,0.00999,0.28981,0.08627,23,0,0.4578,
921,0.02,0.75,30.0,45.0,921,0.01426,0.17766,0.17355,1,0,0.455,
922,0.02,0.75,30.0,45.0,10922,0.01426,0.18432,0.14052,4,0,0.455,
923,0.02,0.75,30.0,45.0,20923,0.014264322916666667,,,0,0,,no_grasps
924,0.02,0.75,30.0,90.0,924,0.01465,0.21668,0.1458,3,0,0.455,
925,0.02,0.75,30.0,90.0,10925,0.01465,0.21375,0.13564,4,0,0.455,
926,0.02,0.75,30.0,90.0,20926,0.01465,0.19212,0.07134,3,0,0.455,
927,0.02,0.75,45.0,0.0,927,0.00317,0.29206,0.05387,14,1,0.675,
928,0.02,0.75,45.0,0.0,10928,0.00317,0.29265,0.04934,24,1,0.675,
929,0.02,0.75,45.0,0.0,20929,0.00317,0.29355,0.05224,24,1,0.675,
930,0.02,0.75,45.0,45.0,930,0.01258,0.15476,0.15216,1,0,0.455,
931,0.02,0.75,45.0,45.0,10931,0.01258,0.20622,0.15375,1,0,0.455,
932,0.02,0.75,45.0,45.0,20932,0.012581380208333333,,,0,0,,no_grasps
933,0.02,0.75,45.0,90.0,933,0.0135546875,,,0,0,,no_grasps
934,0.02,0.75,45.0,90.0,10934,0.01355,0.20867,0.13883,6,0,0.455,
935,0.02,0.75,45.0,90.0,20935,0.01355,0.16413,0.14339,1,0,0.455,
936,0.02,0.75,50.0,0.0,936,0.00063,0.2916,0.0557,12,1,0.675,
937,0.02,0.75,50.0,0.0,10937,0.00063,0.29314,0.06475,17,0,0.4574,
938,0.02,0.75,50.0,0.0,20938,0.00063,0.29383,0.05723,11,1,0.675,
939,0.02,0.75,50.0,45.0,939,0.01167,0.16889,0.13202,2,0,0.436,
940,0.02,0.75,50.0,45.0,10940,0.01167,0.17687,0.13802,2,0,0.455,
941,0.02,0.75,50.0,45.0,20941,0.011666666666666667,,,0,0,,no_grasps
942,0.02,0.75,50.0,90.0,942,0.012861328125,,,0,0,,no_grasps
943,0.02,0.75,50.0,90.0,10943,0.01286,0.15892,0.15027,1,0,0.455,
944,0.02,0.75,50.0,90.0,20944,0.012861328125,,,0,0,,no_grasps
945,0.02,0.75,55.0,0.0,945,9.765625e-06,,,0,0,,no_grasps
946,0.02,0.75,55.0,0.0,10946,9.765625e-06,,,0,0,,no_grasps
947,0.02,0.75,55.0,0.0,20947,9.765625e-06,,,0,0,,no_grasps
948,0.02,0.75,55.0,45.0,948,0.01064,0.21114,0.15115,1,0,0.455,
949,0.02,0.75,55.0,45.0,10949,0.010638020833333333,,,0,0,,no_grasps
950,0.02,0.75,55.0,45.0,20950,0.010638020833333333,,,0,0,,no_grasps
951,0.02,0.75,55.0,90.0,951,0.011809895833333334,,,0,0,,no_grasps
952,0.02,0.75,55.0,90.0,10952,0.01181,0.16432,0.0901,3,0,0.436,
953,0.02,0.75,55.0,90.0,20953,0.011809895833333334,,,0,0,,no_grasps
954,0.02,0.75,60.0,0.0,954,0.8295377604166667,,,0,0,,no_grasps
955,0.02,0.75,60.0,0.0,10955,0.82954,0.16461,0.26229,2,0,0.455,
956,0.02,0.75,60.0,0.0,20956,0.82954,0.1743,0.1006,3,0,0.455,
957,0.02,0.75,60.0,45.0,957,0.009482421875,,,0,0,,no_grasps
958,0.02,0.75,60.0,45.0,10958,0.009482421875,,,0,0,,no_grasps
959,0.02,0.75,60.0,45.0,20959,0.00948,0.18783,0.12099,1,0,0.4361,
960,0.02,0.75,60.0,90.0,960,0.00971,0.21248,0.13063,3,0,0.455,
961,0.02,0.75,60.0,90.0,10961,0.009713541666666667,,,0,0,,no_grasps
962,0.02,0.75,60.0,90.0,20962,0.00971,0.19738,0.12295,7,0,0.455,
963,0.02,0.75,65.0,0.0,963,0.885546875,,,0,0,,no_grasps
964,0.02,0.75,65.0,0.0,10964,0.88555,0.17002,0.23266,1,0,0.455,
965,0.02,0.75,65.0,0.0,20965,0.88555,0.18886,0.26972,3,0,0.455,
966,0.02,0.75,65.0,45.0,966,0.00818,0.16573,0.12411,1,0,0.455,
967,0.02,0.75,65.0,45.0,10967,0.008177083333333333,,,0,0,,no_grasps
968,0.02,0.75,65.0,45.0,20968,0.008177083333333333,,,0,0,,no_grasps
969,0.02,0.75,65.0,90.0,969,0.00615,0.25824,0.06701,11,0,0.4565,
970,0.02,0.75,65.0,90.0,10970,0.00615,0.24231,0.08656,11,0,0.4568,
971,0.02,0.75,65.0,90.0,20971,0.00615,0.23806,0.07985,11,0,0.4565,
972,0.02,0.5,30.0,0.0,972,0.00999,0.29251,0.05143,18,1,0.675,
973,0.02,0.5,30.0,0.0,10973,0.00999,0.29113,0.05619,18,1,0.675,
974,0.02,0.5,30.0,0.0,20974,0.00999,0.2935,0.05593,19,1,0.675,
975,0.02,0.5,30.0,45.0,975,0.014264322916666667,,,0,0,,no_grasps
976,0.02,0.5,30.0,45.0,10976,0.014264322916666667,,,0,0,,no_grasps
977,0.02,0.5,30.0,45.0,20977,0.014264322916666667,,,0,0,,no_grasps
978,0.02,0.5,30.0,90.0,978,0.01465,0.18496,0.14549,3,0,0.455,
979,0.02,0.5,30.0,90.0,10979,0.01465,0.21073,0.11822,5,0,0.455,
980,0.02,0.5,30.0,90.0,20980,0.01465,0.20562,0.11268,5,0,0.455,
981,0.02,0.5,45.0,0.0,981,0.00317,0.24908,0.09559,11,0,0.4554,
982,0.02,0.5,45.0,0.0,10982,0.00317,0.29145,0.05356,17,1,0.675,
983,0.02,0.5,45.0,0.0,20983,0.00317,0.28628,0.05944,17,1,0.675,
984,0.02,0.5,45.0,45.0,984,0.012581380208333333,,,0,0,,no_grasps
985,0.02,0.5,45.0,45.0,10985,0.01258,0.1935,0.14906,3,0,0.455,
986,0.02,0.5,45.0,45.0,20986,0.012581380208333333,,,0,0,,no_grasps
987,0.02,0.5,45.0,90.0,987,0.01355,0.15104,0.14804,1,0,0.455,
988,0.02,0.5,45.0,90.0,10988,0.0135546875,,,0,0,,no_grasps
989,0.02,0.5,45.0,90.0,20989,0.01355,0.18245,0.15062,1,0,0.455,
990,0.02,0.5,50.0,0.0,990,0.00063,0.29379,0.06982,12,0,0.458,
991,0.02,0.5,50.0,0.0,10991,0.00063,0.29385,0.05798,12,0,0.4574,
992,0.02,0.5,50.0,0.0,20992,0.00063,0.29214,0.06453,8,0,0.4552,
993,0.02,0.5,50.0,45.0,993,0.01167,0.1726,0.14156,1,0,0.455,
994,0.02,0.5,50.0,45.0,10994,0.01167,0.15306,0.14262,1,0,0.455,
995,0.02,0.5,50.0,45.0,20995,0.011666666666666667,,,0,0,,no_grasps
996,0.02,0.5,50.0,90.0,996,0.012861328125,,,0,0,,no_grasps
997,0.02,0.5,50.0,90.0,10997,0.012861328125,,,0,0,,no_grasps
998,0.02,0.5,50.0,90.0,20998,0.012861328125,,,0,0,,no_grasps
999,0.02,0.5,55.0,0.0,999,9.765625e-06,,,0,0,,no_grasps
1000,0.02,0.5,55.0,0.0,11000,9.765625e-06,,,0,0,,no_grasps
1001,0.02,0.5,55.0,0.0,21001,9.765625e-06,,,0,0,,no_grasps
1002,0.02,0.5,55.0,45.0,1002,0.01064,0.17269,0.13309,2,0,0.4578,
1003,0.02,0.5,55.0,45.0,11003,0.01064,0.18201,0.12713,1,0,0.455,
1004,0.02,0.5,55.0,45.0,21004,0.010638020833333333,,,0,0,,no_grasps
1005,0.02,0.5,55.0,90.0,1005,0.011809895833333334,,,0,0,,no_grasps
1006,0.02,0.5,55.0,90.0,11006,0.01181,0.21632,0.10014,1,0,0.4599,
1007,0.02,0.5,55.0,90.0,21007,0.011809895833333334,,,0,0,,no_grasps
1008,0.02,0.5,60.0,0.0,1008,0.8295377604166667,,,0,0,,no_grasps
1009,0.02,0.5,60.0,0.0,11009,0.82954,0.15747,0.23641,2,0,0.455,
1010,0.02,0.5,60.0,0.0,21010,0.82954,0.17835,0.33492,3,0,0.455,
1011,0.02,0.5,60.0,45.0,1011,0.00948,0.2118,0.1191,2,0,0.4361,
1012,0.02,0.5,60.0,45.0,11012,0.00948,0.16238,0.1215,1,0,0.455,
1013,0.02,0.5,60.0,45.0,21013,0.009482421875,,,0,0,,no_grasps
1014,0.02,0.5,60.0,90.0,1014,0.00971,0.18724,0.09031,3,0,0.455,
1015,0.02,0.5,60.0,90.0,11015,0.00971,0.18195,0.09648,2,0,0.455,
1016,0.02,0.5,60.0,90.0,21016,0.00971,0.1851,0.10282,4,0,0.455,
1017,0.02,0.5,65.0,0.0,1017,0.885546875,,,0,0,,no_grasps
1018,0.02,0.5,65.0,0.0,11018,0.88555,0.15105,0.276,1,0,0.455,
1019,0.02,0.5,65.0,0.0,21019,0.88555,0.15617,0.2738,2,0,0.455,
1020,0.02,0.5,65.0,45.0,1020,0.00818,0.248,0.12632,3,0,0.4609,
1021,0.02,0.5,65.0,45.0,11021,0.00818,0.16965,0.12037,1,0,0.455,
1022,0.02,0.5,65.0,45.0,21022,0.00818,0.25654,0.12028,2,0,0.4595,
1023,0.02,0.5,65.0,90.0,1023,0.00615,0.22292,0.06977,9,0,0.4551,
1024,0.02,0.5,65.0,90.0,11024,0.00615,0.22895,0.07951,8,0,0.455,
1025,0.02,0.5,65.0,90.0,21025,0.00615,0.17488,0.0892,1,0,0.455,
1026,0.02,0.25,30.0,0.0,1026,0.00999,0.28911,0.07524,7,0,0.4553,
1027,0.02,0.25,30.0,0.0,11027,0.00999,0.25481,0.05266,3,1,0.675,
1028,0.02,0.25,30.0,0.0,21028,0.00999,0.26269,0.11533,9,0,0.455,
1029,0.02,0.25,30.0,45.0,1029,0.01426,0.15839,0.14351,2,0,0.455,
1030,0.02,0.25,30.0,45.0,11030,0.01426,0.18064,0.12694,2,0,0.4552,
1031,0.02,0.25,30.0,45.0,21031,0.014264322916666667,,,0,0,,no_grasps
1032,0.02,0.25,30.0,90.0,1032,0.01465,0.16655,0.16751,1,0,0.455,
1033,0.02,0.25,30.0,90.0,11033,0.01465,0.27101,0.10006,1,0,0.455,
1034,0.02,0.25,30.0,90.0,21034,0.01465,0.27298,0.14157,5,0,0.455,
1035,0.02,0.25,45.0,0.0,1035,0.00317,0.29163,0.04072,8,1,0.675,
1036,0.02,0.25,45.0,0.0,11036,0.00317,0.26276,0.08096,7,0,0.455,
1037,0.02,0.25,45.0,0.0,21037,0.00317,0.28831,0.06945,6,0,0.4561,
1038,0.02,0.25,45.0,45.0,1038,0.012581380208333333,,,0,0,,no_grasps
1039,0.02,0.25,45.0,45.0,11039,0.012581380208333333,,,0,0,,no_grasps
1040,0.02,0.25,45.0,45.0,21040,0.012581380208333333,,,0,0,,no_grasps
1041,0.02,0.25,45.0,90.0,1041,0.01355,0.21706,0.12597,4,0,0.436,
1042,0.02,0.25,45.0,90.0,11042,0.0135546875,,,0,0,,no_grasps
1043,0.02,0.25,45.0,90.0,21043,0.0135546875,,,0,0,,no_grasps
1044,0.02,0.25,50.0,0.0,1044,0.00063,0.23993,0.06675,3,0,0.4583,
1045,0.02,0.25,50.0,0.0,11045,0.00063,0.29102,0.07185,3,0,0.4552,
1046,0.02,0.25,50.0,0.0,21046,0.00063,0.28973,0.05595,2,1,0.675,
1047,0.02,0.25,50.0,45.0,1047,0.011666666666666667,,,0,0,,no_grasps
1048,0.02,0.25,50.0,45.0,11048,0.011666666666666667,,,0,0,,no_grasps
1049,0.02,0.25,50.0,45.0,21049,0.01167,0.19586,0.15078,1,0,0.455,
1050,0.02,0.25,50.0,90.0,1050,0.01286,0.17459,0.11003,1,0,0.0582,
1051,0.02,0.25,50.0,90.0,11051,0.012861328125,,,0,0,,no_grasps
1052,0.02,0.25,50.0,90.0,21052,0.012861328125,,,0,0,,no_grasps
1053,0.02,0.25,55.0,0.0,1053,9.765625e-06,,,0,0,,no_grasps
1054,0.02,0.25,55.0,0.0,11054,9.765625e-06,,,0,0,,no_grasps
1055,0.02,0.25,55.0,0.0,21055,9.765625e-06,,,0,0,,no_grasps
1056,0.02,0.25,55.0,45.0,1056,0.010638020833333333,,,0,0,,no_grasps
1057,0.02,0.25,55.0,45.0,11057,0.01064,0.15488,0.11865,1,0,0.436,
1058,0.02,0.25,55.0,45.0,21058,0.01064,0.16286,0.14978,2,0,0.455,
1059,0.02,0.25,55.0,90.0,1059,0.011809895833333334,,,0,0,,no_grasps
1060,0.02,0.25,55.0,90.0,11060,0.011809895833333334,,,0,0,,no_grasps
1061,0.02,0.25,55.0,90.0,21061,0.011809895833333334,,,0,0,,no_grasps
1062,0.02,0.25,60.0,0.0,1062,0.82954,0.15412,0.30035,2,0,0.455,
1063,0.02,0.25,60.0,0.0,11063,0.8295377604166667,,,0,0,,no_grasps
1064,0.02,0.25,60.0,0.0,21064,0.8295377604166667,,,0,0,,no_grasps
1065,0.02,0.25,60.0,45.0,1065,0.00948,0.17774,0.12331,1,0,0.436,
1066,0.02,0.25,60.0,45.0,11066,0.009482421875,,,0,0,,no_grasps
1067,0.02,0.25,60.0,45.0,21067,0.009482421875,,,0,0,,no_grasps
1068,0.02,0.25,60.0,90.0,1068,0.00971,0.17641,0.0938,1,0,0.436,
1069,0.02,0.25,60.0,90.0,11069,0.00971,0.1667,0.12005,2,0,0.455,
1070,0.02,0.25,60.0,90.0,21070,0.009713541666666667,,,0,0,,no_grasps
1071,0.02,0.25,65.0,0.0,1071,0.885546875,,,0,0,,no_grasps
1072,0.02,0.25,65.0,0.0,11072,0.885546875,,,0,0,,no_grasps
1073,0.02,0.25,65.0,0.0,21073,0.885546875,,,0,0,,no_grasps
1074,0.02,0.25,65.0,45.0,1074,0.00818,0.16565,0.11723,1,0,0.436,
1075,0.02,0.25,65.0,45.0,11075,0.008177083333333333,,,0,0,,no_grasps
1076,0.02,0.25,65.0,45.0,21076,0.00818,0.15079,0.13457,1,0,0.455,
1077,0.02,0.25,65.0,90.0,1077,0.00615,0.2421,0.09173,7,0,0.455,
1078,0.02,0.25,65.0,90.0,11078,0.00615,0.21447,0.07942,3,0,0.455,
1079,0.02,0.25,65.0,90.0,21079,0.00615,0.20459,0.08981,3,0,0.455,
1080,0.04,1.0,30.0,0.0,1080,0.00999,0.20572,0.09696,5,0,0.455,
1081,0.04,1.0,30.0,0.0,11081,0.00999,0.25432,0.09604,8,0,0.455,
1082,0.04,1.0,30.0,0.0,21082,0.00999,0.21681,0.14938,1,0,0.455,
1083,0.04,1.0,30.0,45.0,1083,0.014264322916666667,,,0,0,,no_grasps
1084,0.04,1.0,30.0,45.0,11084,0.01426,0.17777,0.17426,1,0,0.455,
1085,0.04,1.0,30.0,45.0,21085,0.014264322916666667,,,0,0,,no_grasps
1086,0.04,1.0,30.0,90.0,1086,0.01465,0.22309,0.14389,2,0,0.455,
1087,0.04,1.0,30.0,90.0,11087,0.014651692708333334,,,0,0,,no_grasps
1088,0.04,1.0,30.0,90.0,21088,0.014651692708333334,,,0,0,,no_grasps
1089,0.04,1.0,45.0,0.0,1089,0.003173828125,,,0,0,,no_grasps
1090,0.04,1.0,45.0,0.0,11090,0.00317,0.17363,0.08119,1,0,0.4579,
1091,0.04,1.0,45.0,0.0,21091,0.00317,0.15154,0.09895,1,0,0.4571,
1092,0.04,1.0,45.0,45.0,1092,0.012581380208333333,,,0,0,,no_grasps
1093,0.04,1.0,45.0,45.0,11093,0.012581380208333333,,,0,0,,no_grasps
1094,0.04,1.0,45.0,45.0,21094,0.012581380208333333,,,0,0,,no_grasps
1095,0.04,1.0,45.0,90.0,1095,0.0135546875,,,0,0,,no_grasps
1096,0.04,1.0,45.0,90.0,11096,0.0135546875,,,0,0,,no_grasps
1097,0.04,1.0,45.0,90.0,21097,0.0135546875,,,0,0,,no_grasps
1098,0.04,1.0,50.0,0.0,1098,0.0006315104166666666,,,0,0,,no_grasps
1099,0.04,1.0,50.0,0.0,11099,0.0006315104166666666,,,0,0,,no_grasps
1100,0.04,1.0,50.0,0.0,21100,0.00063,0.1603,0.051,1,1,0.675,
1101,0.04,1.0,50.0,45.0,1101,0.011666666666666667,,,0,0,,no_grasps
1102,0.04,1.0,50.0,45.0,11102,0.011666666666666667,,,0,0,,no_grasps
1103,0.04,1.0,50.0,45.0,21103,0.011666666666666667,,,0,0,,no_grasps
1104,0.04,1.0,50.0,90.0,1104,0.012861328125,,,0,0,,no_grasps
1105,0.04,1.0,50.0,90.0,11105,0.012861328125,,,0,0,,no_grasps
1106,0.04,1.0,50.0,90.0,21106,0.012861328125,,,0,0,,no_grasps
1107,0.04,1.0,55.0,0.0,1107,9.765625e-06,,,0,0,,no_grasps
1108,0.04,1.0,55.0,0.0,11108,9.765625e-06,,,0,0,,no_grasps
1109,0.04,1.0,55.0,0.0,21109,9.765625e-06,,,0,0,,no_grasps
1110,0.04,1.0,55.0,45.0,1110,0.010638020833333333,,,0,0,,no_grasps
1111,0.04,1.0,55.0,45.0,11111,0.010638020833333333,,,0,0,,no_grasps
1112,0.04,1.0,55.0,45.0,21112,0.010638020833333333,,,0,0,,no_grasps
1113,0.04,1.0,55.0,90.0,1113,0.011809895833333334,,,0,0,,no_grasps
1114,0.04,1.0,55.0,90.0,11114,0.011809895833333334,,,0,0,,no_grasps
1115,0.04,1.0,55.0,90.0,21115,0.011809895833333334,,,0,0,,no_grasps
1116,0.04,1.0,60.0,0.0,1116,0.82954,0.16719,0.3102,3,0,0.455,
1117,0.04,1.0,60.0,0.0,11117,0.82954,0.17605,0.28083,2,0,0.455,
1118,0.04,1.0,60.0,0.0,21118,0.82954,0.18693,0.33422,3,0,0.455,
1119,0.04,1.0,60.0,45.0,1119,0.009482421875,,,0,0,,no_grasps
1120,0.04,1.0,60.0,45.0,11120,0.009482421875,,,0,0,,no_grasps
1121,0.04,1.0,60.0,45.0,21121,0.009482421875,,,0,0,,no_grasps
1122,0.04,1.0,60.0,90.0,1122,0.009713541666666667,,,0,0,,no_grasps
1123,0.04,1.0,60.0,90.0,11123,0.009713541666666667,,,0,0,,no_grasps
1124,0.04,1.0,60.0,90.0,21124,0.009713541666666667,,,0,0,,no_grasps
1125,0.04,1.0,65.0,0.0,1125,0.885546875,,,0,0,,no_grasps
1126,0.04,1.0,65.0,0.0,11126,0.885546875,,,0,0,,no_grasps
1127,0.04,1.0,65.0,0.0,21127,0.885546875,,,0,0,,no_grasps
1128,0.04,1.0,65.0,45.0,1128,0.008177083333333333,,,0,0,,no_grasps
1129,0.04,1.0,65.0,45.0,11129,0.008177083333333333,,,0,0,,no_grasps
1130,0.04,1.0,65.0,45.0,21130,0.008177083333333333,,,0,0,,no_grasps
1131,0.04,1.0,65.0,90.0,1131,0.006145833333333333,,,0,0,,no_grasps
1132,0.04,1.0,65.0,90.0,11132,0.006145833333333333,,,0,0,,no_grasps
1133,0.04,1.0,65.0,90.0,21133,0.006145833333333333,,,0,0,,no_grasps
1134,0.04,0.75,30.0,0.0,1134,0.00999,0.20031,0.15663,3,0,0.4557,
1135,0.04,0.75,30.0,0.0,11135,0.00999,0.21041,0.15009,2,0,0.455,
1136,0.04,0.75,30.0,0.0,21136,0.00999,0.17965,0.14615,2,0,0.455,
1137,0.04,0.75,30.0,45.0,1137,0.014264322916666667,,,0,0,,no_grasps
1138,0.04,0.75,30.0,45.0,11138,0.014264322916666667,,,0,0,,no_grasps
1139,0.04,0.75,30.0,45.0,21139,0.01426,0.17477,0.20748,1,0,0.455,
1140,0.04,0.75,30.0,90.0,1140,0.014651692708333334,,,0,0,,no_grasps
1141,0.04,0.75,30.0,90.0,11141,0.014651692708333334,,,0,0,,no_grasps
1142,0.04,0.75,30.0,90.0,21142,0.014651692708333334,,,0,0,,no_grasps
1143,0.04,0.75,45.0,0.0,1143,0.003173828125,,,0,0,,no_grasps
1144,0.04,0.75,45.0,0.0,11144,0.003173828125,,,0,0,,no_grasps
1145,0.04,0.75,45.0,0.0,21145,0.00317,0.19066,0.07384,2,0,0.455,
1146,0.04,0.75,45.0,45.0,1146,0.012581380208333333,,,0,0,,no_grasps
1147,0.04,0.75,45.0,45.0,11147,0.012581380208333333,,,0,0,,no_grasps
1148,0.04,0.75,45.0,45.0,21148,0.012581380208333333,,,0,0,,no_grasps
1149,0.04,0.75,45.0,90.0,1149,0.0135546875,,,0,0,,no_grasps
1150,0.04,0.75,45.0,90.0,11150,0.0135546875,,,0,0,,no_grasps
1151,0.04,0.75,45.0,90.0,21151,0.0135546875,,,0,0,,no_grasps
1152,0.04,0.75,50.0,0.0,1152,0.0006315104166666666,,,0,0,,no_grasps
1153,0.04,0.75,50.0,0.0,11153,0.0006315104166666666,,,0,0,,no_grasps
1154,0.04,0.75,50.0,0.0,21154,0.0006315104166666666,,,0,0,,no_grasps
1155,0.04,0.75,50.0,45.0,1155,0.011666666666666667,,,0,0,,no_grasps
1156,0.04,0.75,50.0,45.0,11156,0.011666666666666667,,,0,0,,no_grasps
1157,0.04,0.75,50.0,45.0,21157,0.011666666666666667,,,0,0,,no_grasps
1158,0.04,0.75,50.0,90.0,1158,0.012861328125,,,0,0,,no_grasps
1159,0.04,0.75,50.0,90.0,11159,0.012861328125,,,0,0,,no_grasps
1160,0.04,0.75,50.0,90.0,21160,0.012861328125,,,0,0,,no_grasps
1161,0.04,0.75,55.0,0.0,1161,9.765625e-06,,,0,0,,no_grasps
1162,0.04,0.75,55.0,0.0,11162,9.765625e-06,,,0,0,,no_grasps
1163,0.04,0.75,55.0,0.0,21163,9.765625e-06,,,0,0,,no_grasps
1164,0.04,0.75,55.0,45.0,1164,0.010638020833333333,,,0,0,,no_grasps
1165,0.04,0.75,55.0,45.0,11165,0.010638020833333333,,,0,0,,no_grasps
1166,0.04,0.75,55.0,45.0,21166,0.010638020833333333,,,0,0,,no_grasps
1167,0.04,0.75,55.0,90.0,1167,0.011809895833333334,,,0,0,,no_grasps
1168,0.04,0.75,55.0,90.0,11168,0.011809895833333334,,,0,0,,no_grasps
1169,0.04,0.75,55.0,90.0,21169,0.011809895833333334,,,0,0,,no_grasps
1170,0.04,0.75,60.0,0.0,1170,0.82954,0.15625,0.29904,1,0,0.455,
1171,0.04,0.75,60.0,0.0,11171,0.82954,0.16966,0.30034,2,0,0.455,
1172,0.04,0.75,60.0,0.0,21172,0.82954,0.15784,0.09838,1,0,0.455,
1173,0.04,0.75,60.0,45.0,1173,0.009482421875,,,0,0,,no_grasps
1174,0.04,0.75,60.0,45.0,11174,0.009482421875,,,0,0,,no_grasps
1175,0.04,0.75,60.0,45.0,21175,0.009482421875,,,0,0,,no_grasps
1176,0.04,0.75,60.0,90.0,1176,0.009713541666666667,,,0,0,,no_grasps
1177,0.04,0.75,60.0,90.0,11177,0.009713541666666667,,,0,0,,no_grasps
1178,0.04,0.75,60.0,90.0,21178,0.009713541666666667,,,0,0,,no_grasps
1179,0.04,0.75,65.0,0.0,1179,0.885546875,,,0,0,,no_grasps
1180,0.04,0.75,65.0,0.0,11180,0.88555,0.15471,0.15568,1,0,0.455,
1181,0.04,0.75,65.0,0.0,21181,0.885546875,,,0,0,,no_grasps
1182,0.04,0.75,65.0,45.0,1182,0.008177083333333333,,,0,0,,no_grasps
1183,0.04,0.75,65.0,45.0,11183,0.008177083333333333,,,0,0,,no_grasps
1184,0.04,0.75,65.0,45.0,21184,0.008177083333333333,,,0,0,,no_grasps
1185,0.04,0.75,65.0,90.0,1185,0.006145833333333333,,,0,0,,no_grasps
1186,0.04,0.75,65.0,90.0,11186,0.006145833333333333,,,0,0,,no_grasps
1187,0.04,0.75,65.0,90.0,21187,0.006145833333333333,,,0,0,,no_grasps
1188,0.04,0.5,30.0,0.0,1188,0.00999,0.19691,0.13475,2,0,0.4583,
1189,0.04,0.5,30.0,0.0,11189,0.00999,0.24004,0.12147,5,0,0.4563,
1190,0.04,0.5,30.0,0.0,21190,0.00999,0.22164,0.10406,2,0,0.4551,
1191,0.04,0.5,30.0,45.0,1191,0.014264322916666667,,,0,0,,no_grasps
1192,0.04,0.5,30.0,45.0,11192,0.014264322916666667,,,0,0,,no_grasps
1193,0.04,0.5,30.0,45.0,21193,0.014264322916666667,,,0,0,,no_grasps
1194,0.04,0.5,30.0,90.0,1194,0.014651692708333334,,,0,0,,no_grasps
1195,0.04,0.5,30.0,90.0,11195,0.014651692708333334,,,0,0,,no_grasps
1196,0.04,0.5,30.0,90.0,21196,0.014651692708333334,,,0,0,,no_grasps
1197,0.04,0.5,45.0,0.0,1197,0.003173828125,,,0,0,,no_grasps
1198,0.04,0.5,45.0,0.0,11198,0.003173828125,,,0,0,,no_grasps
1199,0.04,0.5,45.0,0.0,21199,0.003173828125,,,0,0,,no_grasps
1200,0.04,0.5,45.0,45.0,1200,0.012581380208333333,,,0,0,,no_grasps
1201,0.04,0.5,45.0,45.0,11201,0.012581380208333333,,,0,0,,no_grasps
1202,0.04,0.5,45.0,45.0,21202,0.012581380208333333,,,0,0,,no_grasps
1203,0.04,0.5,45.0,90.0,1203,0.0135546875,,,0,0,,no_grasps
1204,0.04,0.5,45.0,90.0,11204,0.0135546875,,,0,0,,no_grasps
1205,0.04,0.5,45.0,90.0,21205,0.0135546875,,,0,0,,no_grasps
1206,0.04,0.5,50.0,0.0,1206,0.0006315104166666666,,,0,0,,no_grasps
1207,0.04,0.5,50.0,0.0,11207,0.0006315104166666666,,,0,0,,no_grasps
1208,0.04,0.5,50.0,0.0,21208,0.0006315104166666666,,,0,0,,no_grasps
1209,0.04,0.5,50.0,45.0,1209,0.011666666666666667,,,0,0,,no_grasps
1210,0.04,0.5,50.0,45.0,11210,0.011666666666666667,,,0,0,,no_grasps
1211,0.04,0.5,50.0,45.0,21211,0.011666666666666667,,,0,0,,no_grasps
1212,0.04,0.5,50.0,90.0,1212,0.012861328125,,,0,0,,no_grasps
1213,0.04,0.5,50.0,90.0,11213,0.012861328125,,,0,0,,no_grasps
1214,0.04,0.5,50.0,90.0,21214,0.012861328125,,,0,0,,no_grasps
1215,0.04,0.5,55.0,0.0,1215,9.765625e-06,,,0,0,,no_grasps
1216,0.04,0.5,55.0,0.0,11216,9.765625e-06,,,0,0,,no_grasps
1217,0.04,0.5,55.0,0.0,21217,9.765625e-06,,,0,0,,no_grasps
1218,0.04,0.5,55.0,45.0,1218,0.010638020833333333,,,0,0,,no_grasps
1219,0.04,0.5,55.0,45.0,11219,0.010638020833333333,,,0,0,,no_grasps
1220,0.04,0.5,55.0,45.0,21220,0.010638020833333333,,,0,0,,no_grasps
1221,0.04,0.5,55.0,90.0,1221,0.011809895833333334,,,0,0,,no_grasps
1222,0.04,0.5,55.0,90.0,11222,0.011809895833333334,,,0,0,,no_grasps
1223,0.04,0.5,55.0,90.0,21223,0.011809895833333334,,,0,0,,no_grasps
1224,0.04,0.5,60.0,0.0,1224,0.8295377604166667,,,0,0,,no_grasps
1225,0.04,0.5,60.0,0.0,11225,0.8295377604166667,,,0,0,,no_grasps
1226,0.04,0.5,60.0,0.0,21226,0.82954,0.21629,0.31394,1,0,0.455,
1227,0.04,0.5,60.0,45.0,1227,0.009482421875,,,0,0,,no_grasps
1228,0.04,0.5,60.0,45.0,11228,0.009482421875,,,0,0,,no_grasps
1229,0.04,0.5,60.0,45.0,21229,0.009482421875,,,0,0,,no_grasps
1230,0.04,0.5,60.0,90.0,1230,0.009713541666666667,,,0,0,,no_grasps
1231,0.04,0.5,60.0,90.0,11231,0.009713541666666667,,,0,0,,no_grasps
1232,0.04,0.5,60.0,90.0,21232,0.009713541666666667,,,0,0,,no_grasps
1233,0.04,0.5,65.0,0.0,1233,0.885546875,,,0,0,,no_grasps
1234,0.04,0.5,65.0,0.0,11234,0.885546875,,,0,0,,no_grasps
1235,0.04,0.5,65.0,0.0,21235,0.885546875,,,0,0,,no_grasps
1236,0.04,0.5,65.0,45.0,1236,0.008177083333333333,,,0,0,,no_grasps
1237,0.04,0.5,65.0,45.0,11237,0.008177083333333333,,,0,0,,no_grasps
1238,0.04,0.5,65.0,45.0,21238,0.008177083333333333,,,0,0,,no_grasps
1239,0.04,0.5,65.0,90.0,1239,0.006145833333333333,,,0,0,,no_grasps
1240,0.04,0.5,65.0,90.0,11240,0.006145833333333333,,,0,0,,no_grasps
1241,0.04,0.5,65.0,90.0,21241,0.006145833333333333,,,0,0,,no_grasps
1242,0.04,0.25,30.0,0.0,1242,0.009993489583333333,,,0,0,,no_grasps
1243,0.04,0.25,30.0,0.0,11243,0.00999,0.1974,0.15789,1,0,0.455,
1244,0.04,0.25,30.0,0.0,21244,0.00999,0.18094,0.13588,1,0,0.4598,
1245,0.04,0.25,30.0,45.0,1245,0.014264322916666667,,,0,0,,no_grasps
1246,0.04,0.25,30.0,45.0,11246,0.014264322916666667,,,0,0,,no_grasps
1247,0.04,0.25,30.0,45.0,21247,0.01426,0.1652,0.20543,1,0,0.455,
1248,0.04,0.25,30.0,90.0,1248,0.014651692708333334,,,0,0,,no_grasps
1249,0.04,0.25,30.0,90.0,11249,0.014651692708333334,,,0,0,,no_grasps
1250,0.04,0.25,30.0,90.0,21250,0.014651692708333334,,,0,0,,no_grasps
1251,0.04,0.25,45.0,0.0,1251,0.003173828125,,,0,0,,no_grasps
1252,0.04,0.25,45.0,0.0,11252,0.003173828125,,,0,0,,no_grasps
1253,0.04,0.25,45.0,0.0,21253,0.003173828125,,,0,0,,no_grasps
1254,0.04,0.25,45.0,45.0,1254,0.012581380208333333,,,0,0,,no_grasps
1255,0.04,0.25,45.0,45.0,11255,0.012581380208333333,,,0,0,,no_grasps
1256,0.04,0.25,45.0,45.0,21256,0.012581380208333333,,,0,0,,no_grasps
1257,0.04,0.25,45.0,90.0,1257,0.0135546875,,,0,0,,no_grasps
1258,0.04,0.25,45.0,90.0,11258,0.0135546875,,,0,0,,no_grasps
1259,0.04,0.25,45.0,90.0,21259,0.0135546875,,,0,0,,no_grasps
1260,0.04,0.25,50.0,0.0,1260,0.0006315104166666666,,,0,0,,no_grasps
1261,0.04,0.25,50.0,0.0,11261,0.0006315104166666666,,,0,0,,no_grasps
1262,0.04,0.25,50.0,0.0,21262,0.0006315104166666666,,,0,0,,no_grasps
1263,0.04,0.25,50.0,45.0,1263,0.011666666666666667,,,0,0,,no_grasps
1264,0.04,0.25,50.0,45.0,11264,0.011666666666666667,,,0,0,,no_grasps
1265,0.04,0.25,50.0,45.0,21265,0.011666666666666667,,,0,0,,no_grasps
1266,0.04,0.25,50.0,90.0,1266,0.012861328125,,,0,0,,no_grasps
1267,0.04,0.25,50.0,90.0,11267,0.012861328125,,,0,0,,no_grasps
1268,0.04,0.25,50.0,90.0,21268,0.012861328125,,,0,0,,no_grasps
1269,0.04,0.25,55.0,0.0,1269,9.765625e-06,,,0,0,,no_grasps
1270,0.04,0.25,55.0,0.0,11270,9.765625e-06,,,0,0,,no_grasps
1271,0.04,0.25,55.0,0.0,21271,9.765625e-06,,,0,0,,no_grasps
1272,0.04,0.25,55.0,45.0,1272,0.010638020833333333,,,0,0,,no_grasps
1273,0.04,0.25,55.0,45.0,11273,0.010638020833333333,,,0,0,,no_grasps
1274,0.04,0.25,55.0,45.0,21274,0.010638020833333333,,,0,0,,no_grasps
1275,0.04,0.25,55.0,90.0,1275,0.011809895833333334,,,0,0,,no_grasps
1276,0.04,0.25,55.0,90.0,11276,0.011809895833333334,,,0,0,,no_grasps
1277,0.04,0.25,55.0,90.0,21277,0.011809895833333334,,,0,0,,no_grasps
1278,0.04,0.25,60.0,0.0,1278,0.8295377604166667,,,0,0,,no_grasps
1279,0.04,0.25,60.0,0.0,11279,0.8295377604166667,,,0,0,,no_grasps
1280,0.04,0.25,60.0,0.0,21280,0.82954,0.1572,0.23778,1,0,0.455,
1281,0.04,0.25,60.0,45.0,1281,0.009482421875,,,0,0,,no_grasps
1282,0.04,0.25,60.0,45.0,11282,0.009482421875,,,0,0,,no_grasps
1283,0.04,0.25,60.0,45.0,21283,0.009482421875,,,0,0,,no_grasps
1284,0.04,0.25,60.0,90.0,1284,0.009713541666666667,,,0,0,,no_grasps
1285,0.04,0.25,60.0,90.0,11285,0.009713541666666667,,,0,0,,no_grasps
1286,0.04,0.25,60.0,90.0,21286,0.009713541666666667,,,0,0,,no_grasps
1287,0.04,0.25,65.0,0.0,1287,0.88555,0.17615,0.2849,2,0,0.455,
1288,0.04,0.25,65.0,0.0,11288,0.88555,0.15079,0.33297,1,0,0.455,
1289,0.04,0.25,65.0,0.0,21289,0.885546875,,,0,0,,no_grasps
1290,0.04,0.25,65.0,45.0,1290,0.008177083333333333,,,0,0,,no_grasps
1291,0.04,0.25,65.0,45.0,11291,0.008177083333333333,,,0,0,,no_grasps
1292,0.04,0.25,65.0,45.0,21292,0.008177083333333333,,,0,0,,no_grasps
1293,0.04,0.25,65.0,90.0,1293,0.006145833333333333,,,0,0,,no_grasps
1294,0.04,0.25,65.0,90.0,11294,0.006145833333333333,,,0,0,,no_grasps
1295,0.04,0.25,65.0,90.0,21295,0.006145833333333333,,,0,0,,no_grasps
