trial_id,sigma_d,rho,phi,theta,has_grasps,gt_label,primary_cause,U_C,U_q,U_e,U_n,U_e_observed,p_fact,e_fact_cf,argmax,n_argmax_ties,discrete,n_savers,savers,delta_sigma_d,delta_rho,delta_phi,delta_theta,p_cf_sigma_d,p_cf_rho,p_cf_phi,p_cf_theta,e_cf_sigma_d,e_cf_rho,e_cf_phi,e_cf_theta,argmax_correct,discrete_correct
0,0.0,1.0,30.0,0.0,True,joint,phi+rho+sigma_d+theta,0.0009277352349353271,-0.06030976629994589,0.04074324823480221,-11.529898237156601,True,0.0,0.06577,none,0,none,0,,0.0,0.0,0.0,0.0,0.0,0.0,0.0,0.0,0.06577,0.06577,0.06992270085055216,0.06577,0,0
2,0.0,1.0,30.0,0.0,True,joint,phi+rho+sigma_d+theta,0.0009277352349353271,-0.06423608808230918,0.041333248234802215,-17.5298982371566,True,0.0,0.06636,none,0,none,0,,0.0,0.0,0.0,0.0,0.0,0.0,0.0,0.0,0.06636,0.06636,0.07051270085055217,0.06636,0,0
15,0.0,1.0,45.0,90.0,True,theta,theta,0.00011132907965928467,0.004688976340073536,0.03535333017126775,-7.761443927757718,True,0.0,0.11346,theta,1,theta,1,theta,0.0,0.0,0.0,0.9836685528749589,0.0,0.0,0.0,0.9836685528749589,0.11346,0.11346,0.11346,0.0645327827870177,1,1
16,0.0,1.0,45.0,90.0,True,theta,theta,0.00011132907965928467,0.020246782121679296,0.03441333017126774,1.2385560722422824,True,0.0,0.11252,theta,1,theta,1,theta,0.0,0.0,0.0,0.9836685528749589,0.0,0.0,0.0,0.9836685528749589,0.11252,0.11252,0.11252,0.06359278278701769,1,1
18,0.0,1.0,60.0,0.0,False,phi,phi,-0.0020520500325124777,,0.0,,False,0.9074662556938843,0.0333321534663021,phi,1,none,0,,0.0,0.0,0.07620229718107463,0.0,0.9074662556938843,0.9074662556938843,0.9836685528749589,0.9074662556938843,0.0333321534663021,0.0333321534663021,0.029179452615749946,0.0333321534663021,1,0
19,0.0,1.0,60.0,0.0,False,phi,phi,-0.0020520500325124777,,0.0,,False,0.9074662556938843,0.0333321534663021,phi,1,none,0,,0.0,0.0,0.07620229718107463,0.0,0.9074662556938843,0.9074662556938843,0.9836685528749589,0.9074662556938843,0.0333321534663021,0.0333321534663021,0.029179452615749946,0.0333321534663021,1,0
20,0.0,1.0,60.0,0.0,False,phi,phi,-0.0020520500325124777,,0.0,,False,0.9074662556938843,0.0333321534663021,phi,1,none,0,,0.0,0.0,0.07620229718107463,0.0,0.9074662556938843,0.9074662556938843,0.9836685528749589,0.9074662556938843,0.0333321534663021,0.0333321534663021,0.029179452615749946,0.0333321534663021,1,0
21,0.0,1.0,60.0,45.0,True,none,none,0.0011280721129614526,-0.060345852616756956,0.047074237927206754,-10.242740151171226,True,0.0,0.10487,none,0,none,0,,0.0,0.0,0.0,0.0,0.0,0.0,0.0,0.0,0.10487,0.10487,0.10071729914944785,0.08040639139350886,1,1
22,0.0,1.0,60.0,45.0,True,phi,phi,0.0011280721129614526,-0.06315718993485345,0.045354237927206754,-11.242740151171226,True,0.0,0.10315,none,0,none,0,,0.0,0.0,0.0,0.0,0.0,0.0,0.0,0.0,0.10315,0.10315,0.09899729914944785,0.07868639139350886,0,0
23,0.0,1.0,60.0,45.0,True,none,none,0.0011280721129614526,-0.06441718993485343,0.044664237927206744,-11.242740151171226,True,0.0,0.10246,none,0,none,0,,0.0,0.0,0.0,0.0,0.0,0.0,0.0,0.0,0.10246,0.10246,0.09830729914944784,0.07799639139350883,1,1
24,0.0,1.0,60.0,90.0,True,phi,phi,0.0002670223834353846,-0.014940601164732586,0.044250629320715607,-21.960236920677747,True,0.0,0.12651,none,0,none,0,,0.0,0.0,0.0,0.0,0.0,0.0,0.0,0.0,0.12651,0.12651,0.12235729914944786,0.0775827827870177,0,0
25,0.0,1.0,60.0,90.0,True,none,none,0.0002670223834353846,-0.013160601164732583,0.044240629320715597,-21.960236920677747,True,0.0,0.1265,none,0,none,0,,0.0,0.0,0.0,0.0,0.0,0.0,0.0,0.0,0.1265,0.1265,0.12234729914944785,0.0775727827870177,1,1
26,0.0,1.0,60.0,90.0,True,none,none,0.0002670223834353846,-0.014373374339903627,0.045820629320715595,-20.960236920677747,True,0.0,0.12808,none,0,none,0,,0.0,0.0,0.0,0.0,0.0,0.0,0.0,0.0,0.12808,0.12808,0.12392729914944785,0.07915278278701769,1,1
33,0.0,0.75,30.0,90.0,True,theta,theta,-0.0027143642241168123,-0.011356877940119053,0.0034847322265047775,-18.26166991011337,True,0.0,0.0769,theta,1,theta,1,theta,0.0,0.0,0.0,0.9966574655932074,0.0,0.0,0.0,0.9966574655932074,0.0769,0.07743870120468488,0.08105270085055215,0.027972782787017682,1,1
44,0.0,0.75,45.0,90.0,True,rho,rho,0.00011132907965928467,-0.016020933303535545,0.036562031375952625,-3.6623641114908487,True,0.0,0.11413,none,0,none,0,,0.0,0.0,0.0,0.0,0.0,0.0,0.0,0.0,0.11413,0.11466870120468488,0.11413,0.06520278278701769,0,0
51,0.0,0.75,60.0,90.0,True,none,none,0.0002670223834353846,-0.029819585304750013,0.0013993305254004773,-5.079192207662061,True,0.0,0.08312,theta,1,theta,1,theta,0.0,0.0,0.0,0.887699089855249,0.0,0.0,0.0,0.887699089855249,0.08312,0.08365870120468488,0.07896729914944785,0.03419278278701769,0,0
53,0.0,0.75,60.0,90.0,True,none,none,0.0002670223834353846,-0.03600267719063266,0.013809330525400482,4.920807792337939,True,0.0,0.09553,theta,1,theta,1,theta,0.0,0.0,0.0,0.887699089855249,0.0,0.0,0.0,0.887699089855249,0.09553,0.09606870120468489,0.09137729914944785,0.046602782787017696,0,0
69,0.0,0.5,45.0,90.0,True,none,none,0.00011132907965928467,0.00010933532821466585,0.022120732580637514,4.232686423485585,True,0.0,0.09915,theta,1,theta,1,theta,0.0,0.0,0.0,0.975082025738746,0.0,0.0,0.0,0.975082025738746,0.09915,0.10022740240936977,0.09915,0.050222782787017695,0,0
72,0.0,0.5,60.0,0.0,False,none,none,-0.0020520500325124777,,0.0,,False,0.8643404993068434,0.03225475105693234,phi,1,none,0,,0.0,0.04312575638704086,0.1107415264319026,0.0,0.8643404993068434,0.9074662556938843,0.975082025738746,0.8643404993068434,0.03225475105693234,0.0333321534663021,0.028102050206380184,0.03225475105693234,0,1
73,0.0,0.5,60.0,0.0,False,none,none,-0.0020520500325124777,,0.0,,False,0.8643404993068434,0.03225475105693234,phi,1,none,0,,0.0,0.04312575638704086,0.1107415264319026,0.0,0.8643404993068434,0.9074662556938843,0.975082025738746,0.8643404993068434,0.03225475105693234,0.0333321534663021,0.028102050206380184,0.03225475105693234,0,1
78,0.0,0.5,60.0,90.0,True,none,none,0.0002670223834353846,-0.028029364983363697,0.013588031730085354,1.657157835255635,True,0.0,0.09477,theta,1,theta,1,theta,0.0,0.0,0.0,0.8643404993068434,0.0,0.0,0.0,0.8643404993068434,0.09477,0.09584740240936976,0.09061729914944784,0.04584278278701769,0,0
79,0.0,0.5,60.0,90.0,True,phi,phi,0.0002670223834353846,-0.04883666903436312,0.026878031730085364,5.657157835255635,True,0.0,0.10806,theta,1,theta,1,theta,0.0,0.0,0.0,0.8643404993068434,0.0,0.0,0.0,0.8643404993068434,0.10806,0.10913740240936977,0.10390729914944785,0.0591327827870177,0,0
80,0.0,0.5,60.0,90.0,True,none,none,0.0002670223834353846,-0.03246431345348802,0.02523803173008536,4.657157835255635,True,0.0,0.10642,theta,1,theta,1,theta,0.0,0.0,0.0,0.8643404993068434,0.0,0.0,0.0,0.8643404993068434,0.10642,0.10749740240936977,0.10226729914944785,0.0574927827870177,0,0
88,0.0,0.25,30.0,90.0,True,theta,theta,-0.0027143642241168123,-0.022548821794028034,0.008742134635874546,-4.794008753796996,True,0.0,0.08108,theta,1,theta,1,theta,0.0,0.0,0.0,0.9948644192604345,0.0,0.0,0.0,0.9948644192604345,0.08108,0.08269610361405465,0.08523270085055216,0.03215278278701769,1,1
98,0.0,0.25,45.0,90.0,True,phi,phi,0.00011132907965928467,-0.002782470575730722,0.03497943378532238,-4.4765025710310535,True,0.0,0.11147,theta,1,theta,1,theta,0.0,0.0,0.0,0.9692698873186854,0.0,0.0,0.0,0.9692698873186854,0.11147,0.11308610361405463,0.11147,0.06254278278701769,0,0
99,0.0,0.25,60.0,0.0,False,phi,phi,-0.0020520500325124777,,0.0,,False,0.8370153750707843,0.031716049852247456,phi,1,none,0,,0.0,0.07045088062310001,0.13225451224790108,0.0,0.8370153750707843,0.9074662556938843,0.9692698873186854,0.8370153750707843,0.031716049852247456,0.0333321534663021,0.027563349001695304,0.031716049852247456,1,0
100,0.0,0.25,60.0,0.0,False,none,none,-0.0020520500325124777,,0.0,,False,0.8370153750707843,0.031716049852247456,phi,1,none,0,,0.0,0.07045088062310001,0.13225451224790108,0.0,0.8370153750707843,0.9074662556938843,0.9692698873186854,0.8370153750707843,0.031716049852247456,0.0333321534663021,0.027563349001695304,0.031716049852247456,0,1
101,0.0,0.25,60.0,0.0,False,none,none,-0.0020520500325124777,,0.0,,False,0.8370153750707843,0.031716049852247456,phi,1,none,0,,0.0,0.07045088062310001,0.13225451224790108,0.0,0.8370153750707843,0.9074662556938843,0.9692698873186854,0.8370153750707843,0.031716049852247456,0.0333321534663021,0.027563349001695304,0.031716049852247456,0,1
105,0.0,0.25,60.0,90.0,True,phi,phi,0.0002670223834353846,-0.01246248573371711,0.045956732934770234,-0.16754396341103117,True,0.0,0.1266,none,0,none,0,,0.0,0.0,0.0,0.0,0.0,0.0,0.0,0.0,0.1266,0.12821610361405464,0.12244729914944785,0.0776727827870177,0,0
106,0.0,0.25,60.0,90.0,True,phi,phi,0.0002670223834353846,-0.04020382425804622,0.03424673293477025,2.832456036588969,True,0.0,0.11489,none,0,none,0,,0.0,0.0,0.0,0.0,0.0,0.0,0.0,0.0,0.11489,0.11650610361405465,0.11073729914944787,0.0659627827870177,0,0
107,0.0,0.25,60.0,90.0,True,none,none,0.0002670223834353846,-0.018286119357433406,0.030456732934770248,-4.167543963411031,True,0.0,0.1111,theta,1,theta,1,theta,0.0,0.0,0.0,0.8370153750707843,0.0,0.0,0.0,0.8370153750707843,0.1111,0.11271610361405465,0.10694729914944787,0.062172782787017704,0,0
112,0.005,1.0,30.0,45.0,True,joint,sigma_d+theta,0.001056685505409256,-0.014442272243141735,0.04871765113490256,-14.35843629171206,True,0.0,0.11388,none,0,none,0,,0.0,0.0,0.0,0.0,0.0,0.0,0.0,0.0,0.0982080115065915,0.11388,0.11803270085055215,0.08941639139350885,0,0
114,0.005,1.0,30.0,90.0,True,theta,theta,-0.0027143642241168123,0.01189051268818081,0.006384042528411418,8.508086759693867,True,0.0,0.09601,theta,1,theta,1,theta,0.0,0.0,0.0,0.9937378682273366,0.0,0.0,0.0,0.9937378682273366,0.08033801150659152,0.09601,0.10016270085055216,0.0470827827870177,1,1
117,0.005,1.0,45.0,0.0,True,joint,phi+rho+sigma_d,-0.0011265714612885766,-0.009844529034396587,0.022788558890841568,0.44315970463016896,True,0.0,0.06764,sigma_d,1,sigma_d,1,sigma_d,0.9836685528749589,0.0,0.0,0.0,0.9836685528749589,0.0,0.0,0.0,0.05196801150659151,0.06764,0.06764,0.06764,0,0
118,0.005,1.0,45.0,0.0,True,joint,rho+sigma_d+theta,-0.0011265714612885766,-0.022084099448523103,0.026738558890841563,-7.556840295369831,True,0.0,0.07159,sigma_d,1,sigma_d,1,sigma_d,0.9836685528749589,0.0,0.0,0.0,0.9836685528749589,0.0,0.0,0.0,0.05591801150659151,0.07159,0.07159,0.07159,0,0
120,0.005,1.0,45.0,45.0,True,joint,sigma_d+theta,0.0023123788091853545,0.01481201903616755,0.019814950284350416,3.539605247099942,True,0.0,0.08913,theta,1,theta,1,theta,0.0,0.0,0.0,0.9627391494200578,0.0,0.0,0.0,0.9627391494200578,0.07345801150659151,0.08913,0.08913,0.06466639139350885,0,0
123,0.005,1.0,45.0,90.0,True,none,none,0.00011132907965928467,0.011817424108009872,0.026671341677859256,13.00590704349501,True,0.0,0.12045,none,0,none,0,,0.0,0.0,0.0,0.0,0.0,0.0,0.0,0.0,0.10477801150659151,0.12045,0.12045,0.0715227827870177,1,1
126,0.005,1.0,60.0,0.0,False,phi,phi,-0.0020520500325124777,,0.0,,False,0.8079471147540384,0.04900414195971059,phi,1,none,0,,0.09951914093984593,0.0,0.15479203466601943,0.0,0.9074662556938843,0.8079471147540384,0.9627391494200578,0.8079471147540384,0.0333321534663021,0.04900414195971059,0.04485144110915844,0.04900414195971059,1,0
127,0.005,1.0,60.0,0.0,False,phi,phi,-0.0020520500325124777,,0.0,,False,0.8079471147540384,0.04900414195971059,phi,1,none,0,,0.09951914093984593,0.0,0.15479203466601943,0.0,0.9074662556938843,0.8079471147540384,0.9627391494200578,0.8079471147540384,0.0333321534663021,0.04900414195971059,0.04485144110915844,0.04900414195971059,1,0
128,0.005,1.0,60.0,0.0,False,phi,phi,-0.0020520500325124777,,0.0,,False,0.8079471147540384,0.04900414195971059,phi,1,none,0,,0.09951914093984593,0.0,0.15479203466601943,0.0,0.9074662556938843,0.8079471147540384,0.9627391494200578,0.8079471147540384,0.0333321534663021,0.04900414195971059,0.04485144110915844,0.04900414195971059,1,0
129,0.005,1.0,60.0,45.0,True,none,none,0.0011280721129614526,-0.040565150148938495,0.027482249433798248,-11.586529365463367,True,0.0,0.10095,none,0,none,0,,0.0,0.0,0.0,0.0,0.0,0.0,0.0,0.0,0.0852780115065915,0.10095,0.09679729914944783,0.07648639139350884,1,1
130,0.005,1.0,60.0,45.0,True,none,none,0.0011280721129614526,0.04000209342057304,-0.0022977505662017533,2.4134706345366332,True,0.0,0.07117,sigma_d,1,joint,2,sigma_d+theta,0.939493513133149,0.0,0.0,0.8079471147540384,0.939493513133149,0.0,0.0,0.8079471147540384,0.0554980115065915,0.07117,0.06701729914944783,0.046706391393508837,0,0
131,0.005,1.0,60.0,45.0,True,none,none,0.0011280721129614526,-0.030732521265546764,0.031892249433798245,-9.586529365463367,True,0.0,0.10536,none,0,none,0,,0.0,0.0,0.0,0.0,0.0,0.0,0.0,0.0,0.0896880115065915,0.10536,0.10120729914944783,0.08089639139350883,1,1
132,0.005,1.0,60.0,90.0,True,none,none,0.0002670223834353846,-0.0027317153272134465,0.024518640827307106,11.490325521234052,True,0.0,0.12245,none,0,none,0,,0.0,0.0,0.0,0.0,0.0,0.0,0.0,0.0,0.10677801150659151,0.12245,0.11829729914944785,0.0735227827870177,1,1
133,0.005,1.0,60.0,90.0,True,none,none,0.0002670223834353846,-0.007129415769178721,0.0118986408273071,16.490325521234052,True,0.0,0.10983,theta,1,theta,1,theta,0.0,0.0,0.0,0.8079471147540384,0.0,0.0,0.0,0.8079471147540384,0.0941580115065915,0.10983,0.10567729914944785,0.06090278278701769,0,0
134,0.005,1.0,60.0,90.0,True,none,none,0.0002670223834353846,-0.01752678487522452,0.005978640827307105,9.490325521234052,True,0.0,0.10391,theta,1,theta,1,theta,0.0,0.0,0.0,0.8079471147540384,0.0,0.0,0.0,0.8079471147540384,0.08823801150659151,0.10391,0.09975729914944785,0.054982782787017695,0,0
142,0.005,0.75,30.0,90.0,True,theta,theta,-0.0027143642241168123,-0.015307032740283916,0.008432743733096285,-0.4596479492717407,True,0.0,0.09752,theta,1,theta,1,theta,0.0,0.0,0.0,0.9922426018530457,0.0,0.0,0.0,0.9922426018530457,0.0818480115065915,0.09805870120468486,0.10167270085055215,0.04859278278701769,1,1
143,0.005,0.75,30.0,90.0,True,theta,theta,-0.0027143642241168123,-0.022687032740283913,0.026012743733096283,-0.4596479492717407,True,0.0,0.1151,none,0,none,0,,0.0,0.0,0.0,0.0,0.0,0.0,0.0,0.0,0.0994280115065915,0.11563870120468486,0.11925270085055215,0.06617278278701769,0,0
150,0.005,0.75,45.0,90.0,True,none,none,0.00011132907965928467,-0.01409773870572556,0.007890042882544135,11.902698860108977,True,0.0,0.10113,theta,1,theta,1,theta,0.0,0.0,0.0,0.9541833011963412,0.0,0.0,0.0,0.9541833011963412,0.0854580115065915,0.10166870120468488,0.10113,0.0522027827870177,0,0
151,0.005,0.75,45.0,90.0,True,none,none,0.00011132907965928467,0.00535470546328326,0.023860042882544133,2.902698860108977,True,0.0,0.1171,none,0,none,0,,0.0,0.0,0.0,0.0,0.0,0.0,0.0,0.0,0.1014280115065915,0.11763870120468488,0.1171,0.06817278278701769,1,1
152,0.005,0.75,45.0,90.0,True,none,none,0.00011132907965928467,0.00030343184890319064,-0.01678995711745586,3.902698860108977,True,0.0,0.07645,sigma_d,1,joint,2,sigma_d+theta,0.9918502024728874,0.0,0.0,0.9541833011963412,0.9918502024728874,0.0,0.0,0.9541833011963412,0.06077801150659151,0.07698870120468489,0.07645,0.027522782787017704,0,0
153,0.005,0.75,60.0,0.0,False,none,none,-0.0020520500325124777,,0.0,,False,0.7722559599448573,0.04846544075502572,phi,1,none,0,,0.11544312991039174,0.03569115480918106,0.1819273412514839,0.0,0.887699089855249,0.8079471147540384,0.9541833011963412,0.7722559599448573,0.032793452261617215,0.04900414195971059,0.04431273990447356,0.04846544075502572,0,1
155,0.005,0.75,60.0,0.0,True,none,none,-0.0020508781575124774,0.01335489466353526,0.020664559244974276,-40.47416014678789,True,0.0,0.06913,phi,1,joint,2,sigma_d+phi,0.887699089855249,0.0,0.9541833011963412,0.0,0.887699089855249,0.0,0.9541833011963412,0.0,0.05345801150659149,0.06966870120468487,0.06497729914944783,0.06913,0,0
156,0.005,0.75,60.0,45.0,True,none,none,0.0011280721129614526,0.036139473985449644,0.008140950638483135,3.0092169656192738,True,0.0,0.08107,theta,1,theta,1,theta,0.0,0.0,0.0,0.7722559599448573,0.0,0.0,0.0,0.7722559599448573,0.0653980115065915,0.08160870120468489,0.07691729914944785,0.056606391393508856,0,0
158,0.005,0.75,60.0,45.0,True,none,none,0.0011280721129614526,0.03501763414589054,0.029140950638483126,5.009216965619274,True,0.0,0.10207,none,0,none,0,,0.0,0.0,0.0,0.0,0.0,0.0,0.0,0.0,0.08639801150659149,0.10260870120468488,0.09791729914944784,0.07760639139350885,1,1
160,0.005,0.75,60.0,90.0,True,none,none,0.0002670223834353846,-0.021167520983798926,0.015407342031991969,8.255290941077536,True,0.0,0.1128,theta,1,theta,1,theta,0.0,0.0,0.0,0.7722559599448573,0.0,0.0,0.0,0.7722559599448573,0.09712801150659149,0.11333870120468487,0.10864729914944783,0.06387278278701769,0,0
161,0.005,0.75,60.0,90.0,True,none,none,0.0002670223834353846,-0.013835311542253231,0.024647342031991967,10.255290941077536,True,0.0,0.12204,none,0,none,0,,0.0,0.0,0.0,0.0,0.0,0.0,0.0,0.0,0.10636801150659149,0.12257870120468486,0.11788729914944783,0.07311278278701769,1,1
166,0.005,0.5,30.0,45.0,True,joint,sigma_d+theta,0.001056685505409256,-0.00549402961476575,0.021665053544272325,-4.6729639432259376,True,0.0,0.08575,theta,1,theta,1,theta,0.0,0.0,0.0,0.9903937484892509,0.0,0.0,0.0,0.9903937484892509,0.07007801150659151,0.08682740240936976,0.08990270085055216,0.061286391393508846,0,0
167,0.005,0.5,30.0,45.0,True,theta,theta,0.001056685505409256,-0.024968510653938042,0.02500505354427232,-2.6729639432259376,True,0.0,0.08909,theta,1,theta,1,theta,0.0,0.0,0.0,0.9903937484892509,0.0,0.0,0.0,0.9903937484892509,0.0734180115065915,0.09016740240936975,0.09324270085055215,0.06462639139350884,1,1
168,0.005,0.5,30.0,90.0,True,theta,theta,-0.0027143642241168123,0.016664851400264108,0.02185144493778117,8.203170404051939,True,0.0,0.1104,theta,1,theta,1,theta,0.0,0.0,0.0,0.9903937484892509,0.0,0.0,0.0,0.9903937484892509,0.0947280115065915,0.11147740240936975,0.11455270085055215,0.06147278278701769,1,1
170,0.005,0.5,30.0,90.0,True,joint,rho+theta,-0.0027143642241168123,-0.00755744369912309,0.02777144493778118,-0.7968295959480614,True,0.0,0.11632,none,0,none,0,,0.0,0.0,0.0,0.0,0.0,0.0,0.0,0.0,0.10064801150659151,0.11739740240936976,0.12047270085055216,0.0673927827870177,0,0
175,0.005,0.5,45.0,45.0,True,sigma_d,sigma_d,0.0023123788091853545,-0.004590869076578075,0.04664235269372016,3.802809429247368,True,0.0,0.11488,none,0,none,0,,0.0,0.0,0.0,0.0,0.0,0.0,0.0,0.0,0.0992080115065915,0.11595740240936975,0.11488,0.09041639139350885,0,0
176,0.005,0.5,45.0,45.0,True,none,none,0.0023123788091853545,-0.00784588461231131,0.033072352693720164,4.802809429247368,True,0.0,0.10131,none,0,none,0,,0.0,0.0,0.0,0.0,0.0,0.0,0.0,0.0,0.0856380115065915,0.10238740240936975,0.10131,0.07684639139350885,1,1
177,0.005,0.5,45.0,90.0,True,sigma_d,sigma_d,0.00011132907965928467,-0.010003800600950352,0.009368744087229014,6.466910582065326,True,0.0,0.10207,theta,1,theta,1,theta,0.0,0.0,0.0,0.943777585685774,0.0,0.0,0.0,0.943777585685774,0.0863980115065915,0.10314740240936976,0.10207,0.053142782787017694,0,0
178,0.005,0.5,45.0,90.0,True,none,none,0.00011132907965928467,-0.027516095700337556,0.018858744087229026,-1.533089417934674,True,0.0,0.11156,theta,1,theta,1,theta,0.0,0.0,0.0,0.943777585685774,0.0,0.0,0.0,0.943777585685774,0.09588801150659151,0.11263740240936977,0.11156,0.0626327827870177,0,0
179,0.005,0.5,45.0,90.0,True,none,none,0.00011132907965928467,0.00015897257422065048,0.02005874408722902,4.466910582065326,True,0.0,0.11276,theta,1,theta,1,theta,0.0,0.0,0.0,0.943777585685774,0.0,0.0,0.0,0.943777585685774,0.0970880115065915,0.11383740240936976,0.11276,0.0638327827870177,0,0
180,0.005,0.5,60.0,0.0,False,none,none,-0.0020520500325124777,,0.0,,False,0.7321310262611732,0.04792673955034084,phi,1,none,0,,0.1322094730456702,0.07581608849286514,0.21164655942460076,0.0,0.8643404993068434,0.8079471147540384,0.943777585685774,0.7321310262611732,0.03225475105693234,0.04900414195971059,0.04377403869978868,0.04792673955034084,0,1
181,0.005,0.5,60.0,0.0,False,none,none,-0.0020520500325124777,,0.0,,False,0.7321310262611732,0.04792673955034084,phi,1,none,0,,0.1322094730456702,0.07581608849286514,0.21164655942460076,0.0,0.8643404993068434,0.8079471147540384,0.943777585685774,0.7321310262611732,0.03225475105693234,0.04900414195971059,0.04377403869978868,0.04792673955034084,0,1
183,0.005,0.5,60.0,45.0,True,none,none,0.0011280721129614526,0.024929128081656926,0.02104965184316801,11.265774519947346,True,0.0,0.09344,none,0,none,0,,0.0,0.0,0.0,0.0,0.0,0.0,0.0,0.0,0.0777680115065915,0.09451740240936976,0.08928729914944784,0.06897639139350885,1,1
184,0.005,0.5,60.0,45.0,True,none,none,0.0011280721129614526,0.027791615638089906,0.01733965184316802,8.265774519947346,True,0.0,0.08973,none,0,none,0,,0.0,0.0,0.0,0.0,0.0,0.0,0.0,0.0,0.07405801150659151,0.09080740240936977,0.08557729914944785,0.06526639139350886,1,1
186,0.005,0.5,60.0,90.0,True,phi,phi,0.0002670223834353846,-0.0030687229970331187,0.01938604323667685,7.723550618056505,True,0.0,0.11624,none,0,none,0,,0.0,0.0,0.0,0.0,0.0,0.0,0.0,0.0,0.10056801150659149,0.11731740240936975,0.11208729914944783,0.06731278278701769,0,0
187,0.005,0.5,60.0,90.0,True,none,none,0.0002670223834353846,-0.022637449382653024,0.018156043236676855,6.723550618056505,True,0.0,0.11501,none,0,none,0,,0.0,0.0,0.0,0.0,0.0,0.0,0.0,0.0,0.0993380115065915,0.11608740240936975,0.11085729914944784,0.0660827827870177,1,1
188,0.005,0.5,60.0,90.0,True,phi,phi,0.0002670223834353846,-0.024002836367922886,0.014396043236676856,3.723550618056505,True,0.0,0.11125,theta,1,theta,1,theta,0.0,0.0,0.0,0.7321310262611732,0.0,0.0,0.0,0.7321310262611732,0.0955780115065915,0.11232740240936975,0.10709729914944784,0.062322782787017694,0,0
192,0.005,0.25,30.0,45.0,True,joint,phi+rho+theta,0.001056685505409256,-0.006833089733054465,0.0435237547489572,-6.863562023291022,True,0.0,0.10707,none,0,none,0,,0.0,0.0,0.0,0.0,0.0,0.0,0.0,0.0,0.09139801150659149,0.10868610361405463,0.11122270085055215,0.08260639139350884,0,0
193,0.005,0.25,30.0,45.0,True,joint,sigma_d+theta,0.001056685505409256,-0.012385384832441643,0.004983754748957195,-9.863562023291022,True,0.0,0.06853,sigma_d,1,joint,2,sigma_d+theta,0.9967502457934977,0.0,0.0,0.9881095305569045,0.9967502457934977,0.0,0.0,0.9881095305569045,0.052858011506591494,0.07014610361405463,0.07268270085055215,0.04406639139350883,0,1
194,0.005,0.25,30.0,45.0,True,theta,theta,0.001056685505409256,-0.027897960977008363,0.052053754748957196,-7.863562023291022,True,0.0,0.1156,none,0,none,0,,0.0,0.0,0.0,0.0,0.0,0.0,0.0,0.0,0.0999280115065915,0.11721610361405463,0.11975270085055215,0.09113639139350883,0,0
195,0.005,0.25,30.0,90.0,True,theta,theta,-0.0027143642241168123,-0.0022332480822556677,0.025710146142466056,-3.1307860721005643,True,0.0,0.11372,theta,1,theta,1,theta,0.0,0.0,0.0,0.9881095305569045,0.0,0.0,0.0,0.9881095305569045,0.09804801150659151,0.11533610361405464,0.11787270085055215,0.0647927827870177,1,1
196,0.005,0.25,30.0,90.0,True,theta,theta,-0.0027143642241168123,-0.022444598922806175,0.02846014614246606,-1.1307860721005643,True,0.0,0.11647,none,0,none,0,,0.0,0.0,0.0,0.0,0.0,0.0,0.0,0.0,0.10079801150659151,0.11808610361405464,0.12062270085055216,0.0675427827870177,0,0
197,0.005,0.25,30.0,90.0,True,theta,theta,-0.0027143642241168123,-0.0196709529828685,0.027020146142466048,0.8692139278994357,True,0.0,0.11503,none,0,none,0,,0.0,0.0,0.0,0.0,0.0,0.0,0.0,0.0,0.0993580115065915,0.11664610361405463,0.11918270085055215,0.06610278278701769,0,0
201,0.005,0.25,45.0,45.0,True,sigma_d,sigma_d,0.0023123788091853545,-0.024454443415369925,0.048051053898405055,-0.5172624266018886,True,0.0,0.11575,none,0,none,0,,0.0,0.0,0.0,0.0,0.0,0.0,0.0,0.0,0.10007801150659151,0.11736610361405464,0.11575,0.09128639139350886,0,0
203,0.005,0.25,45.0,45.0,True,none,none,0.0023123788091853545,-0.016228089355307646,0.037801053898405046,-3.5172624266018886,True,0.0,0.1055,none,0,none,0,,0.0,0.0,0.0,0.0,0.0,0.0,0.0,0.0,0.0898280115065915,0.10711610361405463,0.1055,0.08103639139350885,1,1
204,0.005,0.25,45.0,90.0,True,none,none,0.00011132907965928467,0.01836175229549114,0.0273274452919139,-0.9388183778978396,True,0.0,0.11949,none,0,none,0,,0.0,0.0,0.0,0.0,0.0,0.0,0.0,0.0,0.10381801150659152,0.12110610361405465,0.11949,0.07056278278701769,1,1
205,0.005,0.25,45.0,90.0,True,none,none,0.00011132907965928467,-0.024563118948462775,0.0277574452919139,-1.9388183778978396,True,0.0,0.11992,none,0,none,0,,0.0,0.0,0.0,0.0,0.0,0.0,0.0,0.0,0.10424801150659152,0.12153610361405465,0.11992,0.0709927827870177,1,1
206,0.005,0.25,45.0,90.0,True,none,none,0.00011132907965928467,-0.009198194965683831,0.018517445291913903,4.06118162210216,True,0.0,0.11068,theta,1,theta,1,theta,0.0,0.0,0.0,0.9311790181555281,0.0,0.0,0.0,0.9311790181555281,0.09500801150659152,0.11229610361405465,0.11068,0.0617527827870177,0,0
207,0.005,0.25,60.0,0.0,False,none,none,-0.0020520500325124777,,0.0,,False,0.687794697148686,0.047388038345655956,phi,1,none,0,,0.14922067792209825,0.12015241760535234,0.24338432100684204,0.0,0.8370153750707843,0.8079471147540384,0.9311790181555281,0.687794697148686,0.031716049852247456,0.04900414195971059,0.0432353374951038,0.047388038345655956,0,1
208,0.005,0.25,60.0,0.0,False,none,none,-0.0020520500325124777,,0.0,,False,0.687794697148686,0.047388038345655956,phi,1,none,0,,0.14922067792209825,0.12015241760535234,0.24338432100684204,0.0,0.8370153750707843,0.8079471147540384,0.9311790181555281,0.687794697148686,0.031716049852247456,0.04900414195971059,0.0432353374951038,0.047388038345655956,0,1
209,0.005,0.25,60.0,0.0,True,none,none,-0.0020508781575124774,-0.03352211746493197,0.01918196165434405,-20.97259279302213,True,0.0,0.06657,phi,1,joint,2,sigma_d+phi,0.8370153750707843,0.0,0.9311790181555281,0.0,0.8370153750707843,0.0,0.9311790181555281,0.0,0.050898011506591505,0.06818610361405464,0.062417299149447845,0.06657,0,0
211,0.005,0.25,60.0,45.0,True,none,none,0.0011280721129614526,0.025204280128484968,0.030788353047852893,4.81971444824317,True,0.0,0.10264,none,0,none,0,,0.0,0.0,0.0,0.0,0.0,0.0,0.0,0.0,0.0869680115065915,0.10425610361405464,0.09848729914944784,0.07817639139350885,1,1
212,0.005,0.25,60.0,45.0,True,none,none,0.0011280721129614526,0.030445685718422988,0.02860835304785289,2.81971444824317,True,0.0,0.10046,none,0,none,0,,0.0,0.0,0.0,0.0,0.0,0.0,0.0,0.0,0.0847880115065915,0.10207610361405464,0.09630729914944784,0.07599639139350885,1,1
213,0.005,0.25,60.0,90.0,True,sigma_d,sigma_d,0.0002670223834353846,-0.013731896486211537,0.012684744441361737,-0.7520186406699727,True,0.0,0.109,theta,1,theta,1,theta,0.0,0.0,0.0,0.687794697148686,0.0,0.0,0.0,0.687794697148686,0.0933280115065915,0.11061610361405463,0.10484729914944783,0.06007278278701769,0,0
214,0.005,0.25,60.0,90.0,True,none,none,0.0002670223834353846,-0.02065447263077827,0.03254474444136174,3.2479813593300273,True,0.0,0.12886,none,0,none,0,,0.0,0.0,0.0,0.0,0.0,0.0,0.0,0.0,0.1131880115065915,0.13047610361405465,0.12470729914944784,0.0799327827870177,1,1
215,0.005,0.25,60.0,90.0,True,none,none,0.0002670223834353846,0.008388103513788464,0.02438474444136174,-0.7520186406699727,True,0.0,0.1207,none,0,none,0,,0.0,0.0,0.0,0.0,0.0,0.0,0.0,0.0,0.1050280115065915,0.12231610361405464,0.11654729914944784,0.0717727827870177,1,1
216,0.02,1.0,30.0,0.0,True,joint,phi+rho+sigma_d,0.0009277352349353271,0.011413226982335295,0.015565294261168205,7.699823415416198,True,0.0,0.10328,sigma_d,1,sigma_d,1,sigma_d,0.9973040632404306,0.0,0.0,0.0,0.9973040632404306,0.0,0.0,0.0,0.04059204602636599,0.10328,0.10743270085055215,0.10328,0,0
217,0.02,1.0,30.0,0.0,True,joint,phi+rho+sigma_d+theta,0.0009277352349353271,0.004546807867226582,0.032965294261168204,4.699823415416198,True,0.0,0.12068,sigma_d,1,sigma_d,1,sigma_d,0.9973040632404306,0.0,0.0,0.0,0.9973040632404306,0.0,0.0,0.0,0.05799204602636599,0.12068,0.12483270085055215,0.12068,0,0
218,0.02,1.0,30.0,0.0,True,joint,phi+rho+sigma_d,0.0009277352349353271,-0.0030754872321606397,0.030105294261168203,-4.300176584583802,True,0.0,0.11782,sigma_d,1,sigma_d,1,sigma_d,0.9973040632404306,0.0,0.0,0.0,0.9973040632404306,0.0,0.0,0.0,0.05513204602636599,0.11782,0.12197270085055215,0.11782,0,0
219,0.02,1.0,30.0,45.0,True,joint,sigma_d+theta,0.001056685505409256,-0.013204294740811334,0.003701685654677059,-3.3728189574635516,True,0.0,0.11588,sigma_d,1,sigma_d,1,sigma_d,0.9982955677010181,0.0,0.0,0.0,0.9982955677010181,0.0,0.0,0.0,0.053192046026366,0.11588,0.12003270085055216,0.09141639139350885,0,0
220,0.02,1.0,30.0,45.0,True,joint,sigma_d+theta,0.001056685505409256,0.04287341015980145,0.06046168565467705,-5.372818957463552,True,0.0,0.17264,none,0,none,0,,0.0,0.0,0.0,0.0,0.0,0.0,0.0,0.0,0.10995204602636599,0.17264,0.17679270085055215,0.14817639139350886,0,0
221,0.02,1.0,30.0,45.0,True,joint,sigma_d+theta,0.001056685505409256,-0.003836589840198551,0.05440168565467707,-5.372818957463552,True,0.0,0.16658,none,0,none,0,,0.0,0.0,0.0,0.0,0.0,0.0,0.0,0.0,0.10389204602636601,0.16658,0.17073270085055217,0.14211639139350885,0,0
222,0.02,1.0,30.0,90.0,True,theta,theta,-0.0027143642241168123,0.02676419606943689,0.006308077048185895,-0.08704794510327485,True,0.0,0.14295,none,0,none,0,,0.0,0.0,0.0,0.0,0.0,0.0,0.0,0.0,0.080262046026366,0.14295,0.14710270085055213,0.09402278278701769,0,0
223,0.02,1.0,30.0,90.0,True,theta,theta,-0.0027143642241168123,0.017276491168824126,0.02736807704818589,3.912952054896725,True,0.0,0.16401,none,0,none,0,,0.0,0.0,0.0,0.0,0.0,0.0,0.0,0.0,0.10132204602636599,0.16401,0.16816270085055213,0.11508278278701768,0,0
224,0.02,1.0,30.0,90.0,True,theta,theta,-0.0027143642241168123,0.0247702690843197,0.01883807704818591,5.912952054896725,True,0.0,0.15548,none,0,none,0,,0.0,0.0,0.0,0.0,0.0,0.0,0.0,0.0,0.09279204602636601,0.15548,0.15963270085055214,0.1065527827870177,0,0
225,0.02,1.0,45.0,0.0,True,sigma_d,sigma_d,-0.0011265714612885766,-0.021927231119257734,0.014972593410616061,0.05787710060823059,True,0.0,0.10684,sigma_d,1,sigma_d,1,sigma_d,0.9836685528749589,0.0,0.0,0.0,0.9836685528749589,0.0,0.0,0.0,0.04415204602636601,0.10684,0.10684,0.10684,1,1
227,0.02,1.0,45.0,0.0,True,joint,phi+sigma_d,-0.0011265714612885766,-0.03288171215843,0.0036325934106160584,2.0578771006082306,True,0.0,0.0955,sigma_d,1,sigma_d,1,sigma_d,0.9836685528749589,0.0,0.0,0.0,0.9836685528749589,0.0,0.0,0.0,0.032812046026366004,0.0955,0.0955,0.0955,0,0
228,0.02,1.0,45.0,45.0,True,joint,sigma_d+theta,0.0023123788091853545,0.021242056477485977,0.024318984804124893,-3.174335502662405,True,0.0,0.14065,none,0,none,0,,0.0,0.0,0.0,0.0,0.0,0.0,0.0,0.0,0.077962046026366,0.14065,0.14065,0.11618639139350884,0,0
229,0.02,1.0,45.0,45.0,False,theta,theta,0.002313837142518654,,0.0,,False,0.0,0.1163310151958751,sigma_d,1,sigma_d,1,sigma_d,0.9896227080694054,0.0,0.0,0.0,0.9896227080694054,0.0,0.0,0.0,0.0536430612222411,0.1163310151958751,0.1163310151958751,0.09186740658938394,0,0
230,0.02,1.0,45.0,45.0,True,none,none,0.0023123788091853545,0.03046841053754823,0.01922898480412491,-4.174335502662405,True,0.0,0.13556,none,0,none,0,,0.0,0.0,0.0,0.0,0.0,0.0,0.0,0.0,0.07287204602636602,0.13556,0.13556,0.11109639139350885,1,1
231,0.02,1.0,45.0,90.0,False,joint,sigma_d+theta,0.00011619887132588436,,0.0,,False,0.0,0.14079462380236624,none,0,none,0,,0.0,0.0,0.0,0.0,0.0,0.0,0.0,0.0,0.07810666982873225,0.14079462380236624,0.14079462380236624,0.09186740658938394,0,0
232,0.02,1.0,45.0,90.0,True,sigma_d,sigma_d,0.00011132907965928467,0.014695957088959821,0.0026453761976337753,-2.9770206406540276,True,0.0,0.14344,none,0,none,0,,0.0,0.0,0.0,0.0,0.0,0.0,0.0,0.0,0.08075204602636603,0.14344,0.14344,0.09451278278701772,0,0
233,0.02,1.0,45.0,90.0,False,theta,theta,0.00011619887132588436,,0.0,,False,0.0,0.14079462380236624,none,0,none,0,,0.0,0.0,0.0,0.0,0.0,0.0,0.0,0.0,0.07810666982873225,0.14079462380236624,0.14079462380236624,0.09186740658938394,0,0
235,0.02,1.0,60.0,0.0,False,phi,phi,-0.0020520500325124777,,0.0,,False,0.0,0.0960201074399361,sigma_d,1,sigma_d,1,sigma_d,0.9074662556938843,0.0,0.0,0.0,0.9074662556938843,0.0,0.0,0.0,0.0333321534663021,0.0960201074399361,0.09186740658938394,0.0960201074399361,0,0
236,0.02,1.0,60.0,0.0,False,none,none,-0.0020520500325124777,,0.0,,False,0.0,0.0960201074399361,sigma_d,1,sigma_d,1,sigma_d,0.9074662556938843,0.0,0.0,0.0,0.9074662556938843,0.0,0.0,0.0,0.0333321534663021,0.0960201074399361,0.09186740658938394,0.0960201074399361,0,0
237,0.02,1.0,60.0,45.0,True,none,none,0.0011280721129614526,0.0021221856112788873,-0.014043716046427235,-1.9811954154465896,True,0.0,0.10644,sigma_d,1,sigma_d,1,sigma_d,0.939493513133149,0.0,0.0,0.0,0.939493513133149,0.0,0.0,0.0,0.043752046026366016,0.10644,0.10228729914944787,0.08197639139350886,0,0
238,0.02,1.0,60.0,45.0,True,none,none,0.0011280721129614526,0.04293570601468227,-0.025143716046427247,2.0188045845534104,True,0.0,0.09534,sigma_d,1,sigma_d,1,sigma_d,0.939493513133149,0.0,0.0,0.0,0.939493513133149,0.0,0.0,0.0,0.032652046026366004,0.09534,0.09118729914944786,0.07087639139350885,0,0
239,0.02,1.0,60.0,45.0,True,none,none,0.0011280721129614526,-0.009923887403603893,-0.016153716046427236,-4.98119541544659,True,0.0,0.10433,sigma_d,1,sigma_d,1,sigma_d,0.939493513133149,0.0,0.0,0.0,0.939493513133149,0.0,0.0,0.0,0.041642046026366016,0.10433,0.10017729914944787,0.07986639139350886,0,0
240,0.02,1.0,60.0,90.0,False,none,none,0.0002681682167686838,,0.0,,False,0.0,0.1449473246529184,none,0,none,0,,0.0,0.0,0.0,0.0,0.0,0.0,0.0,0.0,0.0822593706792844,0.1449473246529184,0.14079462380236624,0.0960201074399361,1,1
241,0.02,1.0,60.0,90.0,True,none,none,0.0002670223834353846,-0.00946539659335563,-0.026627324652918408,-1.8699553782182292,True,0.0,0.11832,sigma_d,1,sigma_d,1,sigma_d,0.9609131398848962,0.0,0.0,0.0,0.9609131398848962,0.0,0.0,0.0,0.055632046026366,0.11832,0.11416729914944783,0.06939278278701769,0,0
242,0.02,1.0,60.0,90.0,False,none,none,0.0002681682167686838,,0.0,,False,0.0,0.1449473246529184,none,0,none,0,,0.0,0.0,0.0,0.0,0.0,0.0,0.0,0.0,0.0822593706792844,0.1449473246529184,0.14079462380236624,0.0960201074399361,1,1
243,0.02,0.75,30.0,0.0,True,joint,phi+rho+sigma_d,0.0009277352349353271,-0.0025075136997976255,-0.01135600453414691,-4.680755699277864,True,0.0,0.07582,sigma_d,1,sigma_d,1,sigma_d,0.9966574655932074,0.0,0.0,0.0,0.9966574655932074,0.0,0.0,0.0,0.013132046026365994,0.07635870120468488,0.07997270085055215,0.07582,0,0
244,0.02,0.75,30.0,0.0,True,joint,sigma_d+theta,0.0009277352349353271,0.039874781399589554,-0.004386004534146906,0.3192443007221364,True,0.0,0.08279,sigma_d,1,sigma_d,1,sigma_d,0.9966574655932074,0.0,0.0,0.0,0.9966574655932074,0.0,0.0,0.0,0.020102046026365998,0.08332870120468489,0.08694270085055215,0.08279,0,0
245,0.02,0.75,30.0,0.0,True,joint,rho+sigma_d+theta,0.0009277352349353271,-0.009900347356456507,-0.000436004534146911,2.3192443007221364,True,0.0,0.08674,sigma_d,1,sigma_d,1,sigma_d,0.9966574655932074,0.0,0.0,0.0,0.9966574655932074,0.0,0.0,0.0,0.024052046026365993,0.08727870120468488,0.09089270085055215,0.08674,0,0
246,0.02,0.75,30.0,45.0,True,theta,theta,0.001056685505409256,0.002832608996180652,0.04159038685936195,-4.3664294371053005,True,0.0,0.15323,none,0,none,0,,0.0,0.0,0.0,0.0,0.0,0.0,0.0,0.0,0.09054204602636601,0.1537687012046849,0.15738270085055217,0.12876639139350887,0,0
247,0.02,0.75,30.0,45.0,True,joint,sigma_d+theta,0.001056685505409256,0.01310490409556786,0.05246038685936194,-3.3664294371053005,True,0.0,0.1641,none,0,none,0,,0.0,0.0,0.0,0.0,0.0,0.0,0.0,0.0,0.101412046026366,0.16463870120468488,0.16825270085055216,0.13963639139350886,0,0
248,0.02,0.75,30.0,45.0,True,none,none,0.001056685505409256,-0.01566644674498263,0.03432038685936195,-2.3664294371053005,True,0.0,0.14596,none,0,none,0,,0.0,0.0,0.0,0.0,0.0,0.0,0.0,0.0,0.08327204602636601,0.1464987012046849,0.15011270085055217,0.12149639139350886,1,1
249,0.02,0.75,30.0,90.0,True,theta,theta,-0.0027143642241168123,0.008067985104590503,-0.04398322174712922,5.0251738812520035,True,0.0,0.09212,sigma_d,1,joint,2,sigma_d+theta,0.9986639388633631,0.0,0.0,0.9098864381996612,0.9986639388633631,0.0,0.0,0.9098864381996612,0.029432046026365996,0.09265870120468488,0.09627270085055216,0.043192782787017686,0,0
250,0.02,0.75,30.0,90.0,True,theta,theta,-0.0027143642241168123,0.028040758279761546,0.008716778252870788,4.0251738812520035,True,0.0,0.14482,none,0,none,0,,0.0,0.0,0.0,0.0,0.0,0.0,0.0,0.0,0.082132046026366,0.1453587012046849,0.14897270085055217,0.0958927827870177,0,0
251,0.02,0.75,30.0,90.0,True,theta,theta,-0.0027143642241168123,0.02670946792069892,0.029016778252870773,2.025173881252004,True,0.0,0.16512,none,0,none,0,,0.0,0.0,0.0,0.0,0.0,0.0,0.0,0.0,0.10243204602636599,0.16565870120468487,0.16927270085055215,0.11619278278701768,0,0
253,0.02,0.75,45.0,0.0,True,joint,phi+rho,-0.0011265714612885766,-0.030628867382113123,-0.022518705384699064,0.5798596565804868,True,0.0,0.06881,sigma_d,1,sigma_d,1,sigma_d,0.9798177749081768,0.0,0.0,0.0,0.9798177749081768,0.0,0.0,0.0,0.006122046026365999,0.06934870120468488,0.06881,0.06881,0,0
255,0.02,0.75,45.0,45.0,True,theta,theta,0.0023123788091853545,0.03500125531386519,0.027297686008809774,-3.221959938970537,True,0.0,0.14309,none,0,none,0,,0.0,0.0,0.0,0.0,0.0,0.0,0.0,0.0,0.080402046026366,0.14362870120468488,0.14309,0.11862639139350883,0,0
256,0.02,0.75,45.0,45.0,True,none,none,0.0023123788091853545,0.02648896021447797,0.02601768600880977,-4.221959938970537,True,0.0,0.14181,none,0,none,0,,0.0,0.0,0.0,0.0,0.0,0.0,0.0,0.0,0.079122046026366,0.14234870120468487,0.14181,0.11734639139350883,1,1
257,0.02,0.75,45.0,45.0,True,none,none,0.0023123788091853545,-0.007838744686134824,0.0037576860088097824,-3.221959938970537,True,0.0,0.11955,sigma_d,1,sigma_d,1,sigma_d,0.9871575260547125,0.0,0.0,0.0,0.9871575260547125,0.0,0.0,0.0,0.056862046026366,0.12008870120468489,0.11955,0.09508639139350884,0,0
258,0.02,0.75,45.0,90.0,False,theta,theta,0.00011619887132588436,,0.0,,False,0.0,0.14025592259768138,none,0,none,0,,0.0,0.0,0.0,0.0,0.0,0.0,0.0,0.0,0.07756796862404737,0.14079462380236624,0.14025592259768138,0.09132870538469906,0,0
259,0.02,0.75,45.0,90.0,True,theta,theta,0.00011132907965928467,0.053287451024726235,0.012714077402318613,-1.8947409072585608,True,0.0,0.15297,none,0,none,0,,0.0,0.0,0.0,0.0,0.0,0.0,0.0,0.0,0.09028204602636598,0.15350870120468485,0.15297,0.10404278278701767,0,0
260,0.02,0.75,45.0,90.0,True,none,none,0.00011132907965928467,0.030339746124113443,-0.05674592259768138,-0.8947409072585608,True,0.0,0.08351,sigma_d,1,joint,2,sigma_d+theta,0.9918502024728874,0.0,0.0,0.6217859609358692,0.9918502024728874,0.0,0.0,0.6217859609358692,0.02082204602636599,0.08404870120468486,0.08351,0.03458278278701768,0,0
261,0.02,0.75,60.0,0.0,False,phi,phi,-0.0020520500325124777,,0.0,,False,0.0,0.09548140623525121,sigma_d,1,sigma_d,1,sigma_d,0.887699089855249,0.0,0.0,0.0,0.887699089855249,0.0,0.0,0.0,0.032793452261617215,0.0960201074399361,0.09132870538469906,0.09548140623525121,0,0
262,0.02,0.75,60.0,0.0,False,phi,phi,-0.0020520500325124777,,0.0,,False,0.0,0.09548140623525121,sigma_d,1,sigma_d,1,sigma_d,0.887699089855249,0.0,0.0,0.0,0.887699089855249,0.0,0.0,0.0,0.032793452261617215,0.0960201074399361,0.09132870538469906,0.09548140623525121,0,0
263,0.02,0.75,60.0,0.0,False,phi,phi,-0.0020520500325124777,,0.0,,False,0.0,0.09548140623525121,sigma_d,1,sigma_d,1,sigma_d,0.887699089855249,0.0,0.0,0.0,0.887699089855249,0.0,0.0,0.0,0.032793452261617215,0.0960201074399361,0.09132870538469906,0.09548140623525121,0,0
264,0.02,0.75,60.0,45.0,True,none,none,0.0011280721129614526,0.005032196730936911,-0.006065014841742364,2.9186202998092057,True,0.0,0.11388,sigma_d,1,sigma_d,1,sigma_d,0.9260102127661731,0.0,0.0,0.0,0.9260102127661731,0.0,0.0,0.0,0.051192046026366005,0.11441870120468488,0.10972729914944786,0.08941639139350885,0,0
265,0.02,0.75,60.0,45.0,True,none,none,0.0011280721129614526,0.018695974646432467,-0.02397501484174236,4.918620299809206,True,0.0,0.09597,sigma_d,1,sigma_d,1,sigma_d,0.9260102127661731,0.0,0.0,0.0,0.9260102127661731,0.0,0.0,0.0,0.03328204602636601,0.09650870120468488,0.09181729914944786,0.07150639139350885,0,0
266,0.02,0.75,60.0,45.0,True,none,none,0.0011280721129614526,0.02091531143277528,-0.01663501484174236,-4.081379700190794,True,0.0,0.10331,sigma_d,1,sigma_d,1,sigma_d,0.9260102127661731,0.0,0.0,0.0,0.9260102127661731,0.0,0.0,0.0,0.04062204602636601,0.10384870120468488,0.09915729914944786,0.07884639139350885,0,0
267,0.02,0.75,60.0,90.0,False,none,none,0.0002681682167686838,,0.0,,False,0.0,0.14440862344823352,none,0,none,0,,0.0,0.0,0.0,0.0,0.0,0.0,0.0,0.0,0.08172066947459952,0.1449473246529184,0.14025592259768138,0.09548140623525121,1,1
268,0.02,0.75,60.0,90.0,True,none,none,0.0002670223834353846,-0.013593902657589224,-0.019328623448233523,-0.8168116675279085,True,0.0,0.12508,sigma_d,1,sigma_d,1,sigma_d,0.9519589254632456,0.0,0.0,0.0,0.9519589254632456,0.0,0.0,0.0,0.062392046026366,0.12561870120468488,0.12092729914944786,0.07615278278701769,0,0
269,0.02,0.75,60.0,90.0,False,none,none,0.0002681682167686838,,0.0,,False,0.0,0.14440862344823352,none,0,none,0,,0.0,0.0,0.0,0.0,0.0,0.0,0.0,0.0,0.08172066947459952,0.1449473246529184,0.14025592259768138,0.09548140623525121,1,1
270,0.02,0.5,30.0,0.0,True,joint,sigma_d+theta,0.0009277352349353271,-0.0224311485200773,0.05338269667053798,-1.0462997474580895,True,0.0,0.14002,none,0,none,0,,0.0,0.0,0.0,0.0,0.0,0.0,0.0,0.0,0.07733204602636601,0.14109740240936977,0.14417270085055217,0.14002,0,0
271,0.02,0.5,30.0,0.0,True,joint,rho+sigma_d,0.0009277352349353271,0.04219655638053549,0.03371269667053797,-4.0462997474580895,True,0.0,0.12035,sigma_d,1,sigma_d,1,sigma_d,0.9958564312907435,0.0,0.0,0.0,0.9958564312907435,0.0,0.0,0.0,0.057662046026366,0.12142740240936976,0.12450270085055215,0.12035,0,0
272,0.02,0.5,30.0,0.0,True,joint,phi+rho+sigma_d+theta,0.0009277352349353271,0.002277500639372182,0.005482696670537968,1.9537002525419105,True,0.0,0.09212,sigma_d,1,sigma_d,1,sigma_d,0.9958564312907435,0.0,0.0,0.0,0.9958564312907435,0.0,0.0,0.0,0.029432046026365996,0.09319740240936976,0.09627270085055215,0.09212,0,0
273,0.02,0.5,30.0,45.0,True,theta,theta,0.001056685505409256,-0.015115897068052941,0.036609088064046835,-2.9060453090710094,True,0.0,0.14771,none,0,none,0,,0.0,0.0,0.0,0.0,0.0,0.0,0.0,0.0,0.08502204602636601,0.14878740240936977,0.15186270085055217,0.12324639139350886,0,0
274,0.02,0.5,30.0,45.0,True,none,none,0.001056685505409256,0.02682639803133427,0.03074908806404683,-1.9060453090710094,True,0.0,0.14185,none,0,none,0,,0.0,0.0,0.0,0.0,0.0,0.0,0.0,0.0,0.079162046026366,0.14292740240936977,0.14600270085055217,0.11738639139350886,1,1
275,0.02,0.5,30.0,45.0,False,theta,theta,0.0010583521720758573,,0.0,,False,0.0,0.11110091193595317,sigma_d,1,sigma_d,1,sigma_d,0.997378942745159,0.0,0.0,0.0,0.997378942745159,0.0,0.0,0.0,0.04841295796231918,0.11217831434532294,0.11525361278650534,0.08663730332946203,0,0
276,0.02,0.5,30.0,90.0,True,none,none,-0.0027143642241168123,0.03720353800103199,0.014655479457555659,0.8347231166230795,True,0.0,0.15022,none,0,none,0,,0.0,0.0,0.0,0.0,0.0,0.0,0.0,0.0,0.087532046026366,0.15129740240936976,0.15437270085055213,0.10129278278701769,1,1
277,0.02,0.5,30.0,90.0,True,none,none,-0.0027143642241168123,0.06386353800103198,0.00306547945755567,0.8347231166230795,True,0.0,0.13863,none,0,none,0,,0.0,0.0,0.0,0.0,0.0,0.0,0.0,0.0,0.075942046026366,0.13970740240936977,0.14278270085055214,0.0897027827870177,1,1
278,0.02,0.5,30.0,90.0,True,theta,theta,-0.0027143642241168123,0.05136488884158252,-0.021354520542444327,-0.16527688337692048,True,0.0,0.11421,sigma_d,1,sigma_d,1,sigma_d,0.9983429539771129,0.0,0.0,0.0,0.9983429539771129,0.0,0.0,0.0,0.05152204602636601,0.11528740240936977,0.11836270085055214,0.0652827827870177,0,0
282,0.02,0.5,45.0,45.0,True,sigma_d,sigma_d,0.0023123788091853545,-0.025059545849755643,-0.0030736127865053364,-2.8008907715695295,True,0.0,0.11218,sigma_d,1,sigma_d,1,sigma_d,0.9841161260869719,0.0,0.0,0.0,0.9841161260869719,0.0,0.0,0.0,0.049492046026366004,0.11325740240936977,0.11218,0.08771639139350884,1,1
283,0.02,0.5,45.0,45.0,True,none,none,0.0023123788091853545,-0.022439545849755632,-0.011303612786505338,-2.8008907715695295,True,0.0,0.10395,sigma_d,1,sigma_d,1,sigma_d,0.9841161260869719,0.0,0.0,0.0,0.9841161260869719,0.0,0.0,0.0,0.041262046026366,0.10502740240936977,0.10395,0.07948639139350884,0,0
284,0.02,0.5,45.0,45.0,True,theta,theta,0.0023123788091853545,-0.015919545849755634,0.001256387213494664,-2.8008907715695295,True,0.0,0.11651,sigma_d,1,sigma_d,1,sigma_d,0.9841161260869719,0.0,0.0,0.0,0.9841161260869719,0.0,0.0,0.0,0.053822046026366005,0.11758740240936977,0.11651,0.09204639139350884,0,0
285,0.02,0.5,45.0,90.0,True,none,none,0.00011132907965928467,-0.0018010550395073655,-0.003207221392996479,-1.1069855244146,True,0.0,0.13651,none,0,none,0,,0.0,0.0,0.0,0.0,0.0,0.0,0.0,0.0,0.07382204602636601,0.13758740240936976,0.13651,0.0875827827870177,1,1
286,0.02,0.5,45.0,90.0,False,theta,theta,0.00011619887132588436,,0.0,,False,0.0,0.13971722139299647,none,0,none,0,,0.0,0.0,0.0,0.0,0.0,0.0,0.0,0.0,0.07702926741936249,0.14079462380236624,0.13971722139299647,0.09079000418001418,0,0
287,0.02,0.5,45.0,90.0,True,none,none,0.00011132907965928467,-0.009621055039507387,-0.0041772213929964774,-1.1069855244146,True,0.0,0.13554,none,0,none,0,,0.0,0.0,0.0,0.0,0.0,0.0,0.0,0.0,0.07285204602636601,0.13661740240936976,0.13554,0.0866127827870177,1,1
289,0.02,0.5,60.0,0.0,False,phi,phi,-0.0020520500325124777,,0.0,,False,0.0,0.09494270503056633,sigma_d,1,sigma_d,1,sigma_d,0.8643404993068434,0.0,0.0,0.0,0.8643404993068434,0.0,0.0,0.0,0.03225475105693234,0.0960201074399361,0.09079000418001418,0.09494270503056633,0,0
290,0.02,0.5,60.0,0.0,False,none,none,-0.0020520500325124777,,0.0,,False,0.0,0.09494270503056633,sigma_d,1,sigma_d,1,sigma_d,0.8643404993068434,0.0,0.0,0.0,0.8643404993068434,0.0,0.0,0.0,0.03225475105693234,0.0960201074399361,0.09079000418001418,0.09494270503056633,0,0
291,0.02,0.5,60.0,45.0,True,none,none,0.0011280721129614526,0.0580377496273784,-0.012246313637057471,-0.6985670964575537,True,0.0,0.10716,sigma_d,1,sigma_d,1,sigma_d,0.909810723400837,0.0,0.0,0.0,0.909810723400837,0.0,0.0,0.0,0.04447204602636602,0.10823740240936977,0.10300729914944787,0.08269639139350886,0,0
292,0.02,0.5,60.0,45.0,True,none,none,0.0011280721129614526,-0.025612250372621603,-0.019196313637057483,-0.6985670964575537,True,0.0,0.10021,sigma_d,1,sigma_d,1,sigma_d,0.909810723400837,0.0,0.0,0.0,0.909810723400837,0.0,0.0,0.0,0.03752204602636601,0.10128740240936976,0.09605729914944786,0.07574639139350885,0,0
293,0.02,0.5,60.0,45.0,True,none,none,0.0011280721129614526,0.0055077496273784055,-0.0025063136370574723,-0.6985670964575537,True,0.0,0.1169,sigma_d,1,sigma_d,1,sigma_d,0.909810723400837,0.0,0.0,0.0,0.909810723400837,0.0,0.0,0.0,0.05421204602636602,0.11797740240936977,0.11274729914944787,0.09243639139350886,0,0
294,0.02,0.5,60.0,90.0,False,none,none,0.0002681682167686838,,0.0,,False,0.0,0.14386992224354864,none,0,none,0,,0.0,0.0,0.0,0.0,0.0,0.0,0.0,0.0,0.08118196826991464,0.1449473246529184,0.13971722139299647,0.09494270503056633,1,1
295,0.02,0.5,60.0,90.0,True,none,none,0.0002670223834353846,-0.017363759562373376,-0.013419922243548627,0.9497365744887594,True,0.0,0.13045,none,0,none,0,,0.0,0.0,0.0,0.0,0.0,0.0,0.0,0.0,0.06776204602636601,0.13152740240936978,0.12629729914944784,0.0815227827870177,1,1
296,0.02,0.5,60.0,90.0,False,none,none,0.0002681682167686838,,0.0,,False,0.0,0.14386992224354864,none,0,none,0,,0.0,0.0,0.0,0.0,0.0,0.0,0.0,0.0,0.08118196826991464,0.1449473246529184,0.13971722139299647,0.09494270503056633,1,1
297,0.02,0.25,30.0,0.0,True,joint,rho+sigma_d+theta,0.0009277352349353271,0.03932899457513858,-0.010298602124777137,3.871233024222313,True,0.0,0.0758,sigma_d,1,sigma_d,1,sigma_d,0.9948644192604345,0.0,0.0,0.0,0.9948644192604345,0.0,0.0,0.0,0.013112046026366009,0.07741610361405465,0.07995270085055216,0.0758,0,0
298,0.02,0.25,30.0,0.0,True,joint,phi+rho+sigma_d+theta,0.0009277352349353271,0.010648994575138543,-0.00391860212477714,3.871233024222313,True,0.0,0.08218,sigma_d,1,sigma_d,1,sigma_d,0.9948644192604345,0.0,0.0,0.0,0.9948644192604345,0.0,0.0,0.0,0.019492046026366006,0.08379610361405465,0.08633270085055215,0.08218,0,0
300,0.02,0.25,30.0,45.0,False,none,none,0.0010583521720758573,,0.0,,False,0.0,0.11056221073126829,sigma_d,1,sigma_d,1,sigma_d,0.9967502457934977,0.0,0.0,0.0,0.9967502457934977,0.0,0.0,0.0,0.0478742567576343,0.11217831434532294,0.11471491158182046,0.08609860212477714,0,0
301,0.02,0.25,30.0,45.0,True,joint,sigma_d+theta,0.001056685505409256,-0.02867210803289935,0.0534777892687317,-0.843080326561696,True,0.0,0.16404,none,0,none,0,,0.0,0.0,0.0,0.0,0.0,0.0,0.0,0.0,0.101352046026366,0.16565610361405464,0.16819270085055216,0.13957639139350886,0,0
302,0.02,0.25,30.0,45.0,True,theta,theta,0.001056685505409256,-0.02137210803289935,0.032167789268731706,-0.843080326561696,True,0.0,0.14273,none,0,none,0,,0.0,0.0,0.0,0.0,0.0,0.0,0.0,0.0,0.080042046026366,0.14434610361405464,0.14688270085055216,0.11826639139350885,0,0
303,0.02,0.25,30.0,90.0,False,none,none,-0.0027180621407835136,,0.0,,False,0.0,0.13502581933775945,none,0,none,0,,0.0,0.0,0.0,0.0,0.0,0.0,0.0,0.0,0.07233786536412545,0.1366419229518141,0.13917852018831162,0.08609860212477714,1,1
304,0.02,0.25,30.0,90.0,True,theta,theta,-0.0027143642241168123,-0.013333617222651084,-0.028845819337759454,0.4239670506659161,True,0.0,0.10618,sigma_d,1,joint,2,sigma_d+theta,0.997945012069175,0.0,0.0,0.8677242060468506,0.997945012069175,0.0,0.0,0.8677242060468506,0.043492046026366,0.10779610361405464,0.11033270085055216,0.05725278278701769,0,0
305,0.02,0.25,30.0,90.0,True,theta,theta,-0.0027143642241168123,-0.005665912322038308,0.02802418066224055,-0.5760329493340839,True,0.0,0.16305,none,0,none,0,,0.0,0.0,0.0,0.0,0.0,0.0,0.0,0.0,0.100362046026366,0.16466610361405465,0.16720270085055217,0.1141227827870177,0,0
309,0.02,0.25,45.0,45.0,False,theta,theta,0.002313837142518654,,0.0,,False,0.0,0.11471491158182046,sigma_d,1,sigma_d,1,sigma_d,0.9803687748890416,0.0,0.0,0.0,0.9803687748890416,0.0,0.0,0.0,0.05202695760818646,0.1163310151958751,0.11471491158182046,0.0902513029753293,0,0
310,0.02,0.25,45.0,45.0,True,sigma_d,sigma_d,0.0023123788091853545,-0.036328051913989245,0.025845088418179535,-1.7665418398921044,True,0.0,0.14056,none,0,none,0,,0.0,0.0,0.0,0.0,0.0,0.0,0.0,0.0,0.07787204602636599,0.14217610361405464,0.14056,0.11609639139350883,0,0
311,0.02,0.25,45.0,45.0,True,none,none,0.0023123788091853545,-0.02736805191398925,0.018685088418179535,-1.7665418398921044,True,0.0,0.1334,none,0,none,0,,0.0,0.0,0.0,0.0,0.0,0.0,0.0,0.0,0.070712046026366,0.13501610361405464,0.1334,0.10893639139350883,1,1
312,0.02,0.25,45.0,90.0,False,none,none,0.00011619887132588436,,0.0,,False,0.0,0.13917852018831162,none,0,none,0,,0.0,0.0,0.0,0.0,0.0,0.0,0.0,0.0,0.07649056621467762,0.14079462380236624,0.13917852018831162,0.0902513029753293,1,1
313,0.02,0.25,45.0,90.0,True,sigma_d,sigma_d,0.00011132907965928467,-0.00909726600435376,0.018191479811688394,0.46639539001196795,True,0.0,0.15737,none,0,none,0,,0.0,0.0,0.0,0.0,0.0,0.0,0.0,0.0,0.09468204602636601,0.15898610361405463,0.15737,0.10844278278701769,0,0
314,0.02,0.25,45.0,90.0,False,none,none,0.00011619887132588436,,0.0,,False,0.0,0.13917852018831162,none,0,none,0,,0.0,0.0,0.0,0.0,0.0,0.0,0.0,0.0,0.07649056621467762,0.14079462380236624,0.13917852018831162,0.0902513029753293,1,1
315,0.02,0.25,60.0,0.0,False,phi,phi,-0.0020520500325124777,,0.0,,False,0.0,0.09440400382588145,sigma_d,1,sigma_d,1,sigma_d,0.8370153750707843,0.0,0.0,0.0,0.8370153750707843,0.0,0.0,0.0,0.031716049852247456,0.0960201074399361,0.0902513029753293,0.09440400382588145,0,0
316,0.02,0.25,60.0,0.0,False,none,none,-0.0020520500325124777,,0.0,,False,0.0,0.09440400382588145,sigma_d,1,sigma_d,1,sigma_d,0.8370153750707843,0.0,0.0,0.0,0.8370153750707843,0.0,0.0,0.0,0.031716049852247456,0.0960201074399361,0.0902513029753293,0.09440400382588145,0,0
317,0.02,0.25,60.0,0.0,False,none,none,-0.0020520500325124777,,0.0,,False,0.0,0.09440400382588145,sigma_d,1,sigma_d,1,sigma_d,0.8370153750707843,0.0,0.0,0.0,0.8370153750707843,0.0,0.0,0.0,0.031716049852247456,0.0960201074399361,0.0902513029753293,0.09440400382588145,0,0
318,0.02,0.25,60.0,45.0,True,sigma_d,sigma_d,0.0011280721129614526,-0.05290940559630472,-0.010787612432372598,-0.6920638437007249,True,0.0,0.10808,sigma_d,1,sigma_d,1,sigma_d,0.8904839438905864,0.0,0.0,0.0,0.8904839438905864,0.0,0.0,0.0,0.04539204602636601,0.10969610361405464,0.10392729914944786,0.08361639139350885,1,1
319,0.02,0.25,60.0,45.0,False,none,none,0.0011279158629614525,,0.0,,False,0.0,0.1188676124323726,sigma_d,1,sigma_d,1,sigma_d,0.8904839438905864,0.0,0.0,0.0,0.8904839438905864,0.0,0.0,0.0,0.05617965845873861,0.12048371604642724,0.11471491158182046,0.09440400382588145,0,0
320,0.02,0.25,60.0,45.0,True,none,none,0.0011280721129614526,0.019920594403695285,-0.008597612432372587,-0.6920638437007249,True,0.0,0.11027,sigma_d,1,sigma_d,1,sigma_d,0.8904839438905864,0.0,0.0,0.0,0.8904839438905864,0.0,0.0,0.0,0.04758204602636602,0.11188610361405465,0.10611729914944787,0.08580639139350886,0,0
321,0.02,0.25,60.0,90.0,False,none,none,0.0002681682167686838,,0.0,,False,0.0,0.14333122103886375,none,0,none,0,,0.0,0.0,0.0,0.0,0.0,0.0,0.0,0.0,0.08064326706522976,0.1449473246529184,0.13917852018831162,0.09440400382588145,1,1
322,0.02,0.25,60.0,90.0,False,none,none,0.0002681682167686838,,0.0,,False,0.0,0.14333122103886375,none,0,none,0,,0.0,0.0,0.0,0.0,0.0,0.0,0.0,0.0,0.08064326706522976,0.1449473246529184,0.13917852018831162,0.09440400382588145,1,1
323,0.02,0.25,60.0,90.0,False,none,none,0.0002681682167686838,,0.0,,False,0.0,0.14333122103886375,none,0,none,0,,0.0,0.0,0.0,0.0,0.0,0.0,0.0,0.0,0.08064326706522976,0.1449473246529184,0.13917852018831162,0.09440400382588145,1,1
324,0.04,1.0,30.0,0.0,False,sigma_d,sigma_d,0.0009252612766019273,,0.0,,False,0.0,0.15040265971246575,sigma_d,1,sigma_d,1,sigma_d,0.9973040632404306,0.0,0.0,0.0,0.9973040632404306,0.0,0.0,0.0,0.025026751765197787,0.15040265971246575,0.1545553605630179,0.15040265971246575,1,1
325,0.04,1.0,30.0,0.0,False,sigma_d,sigma_d,0.0009252612766019273,,0.0,,False,0.0,0.15040265971246575,sigma_d,1,sigma_d,1,sigma_d,0.9973040632404306,0.0,0.0,0.0,0.9973040632404306,0.0,0.0,0.0,0.025026751765197787,0.15040265971246575,0.1545553605630179,0.15040265971246575,1,1
326,0.04,1.0,30.0,0.0,False,sigma_d,sigma_d,0.0009252612766019273,,0.0,,False,0.0,0.15040265971246575,sigma_d,1,sigma_d,1,sigma_d,0.9973040632404306,0.0,0.0,0.0,0.9973040632404306,0.0,0.0,0.0,0.025026751765197787,0.15040265971246575,0.1545553605630179,0.15040265971246575,1,1
327,0.04,1.0,30.0,45.0,True,none,none,0.001056685505409256,0.0192836830057366,0.028113731681043086,0.014770478044912605,True,0.0,0.20298,none,0,none,0,,0.0,0.0,0.0,0.0,0.0,0.0,0.0,0.0,0.07760409205273203,0.20298,0.20713270085055216,0.17851639139350883,1,1
328,0.04,1.0,30.0,45.0,True,sigma_d,sigma_d,0.001056685505409256,0.0012136830057365988,0.006153731681043079,0.014770478044912605,True,0.0,0.18102,sigma_d,1,sigma_d,1,sigma_d,0.9982955677010181,0.0,0.0,0.0,0.9982955677010181,0.0,0.0,0.0,0.05564409205273202,0.18102,0.18517270085055215,0.15655639139350883,1,1
329,0.04,1.0,30.0,45.0,True,sigma_d,sigma_d,0.001056685505409256,-0.014234021894876214,0.01903373168104308,1.0147704780449125,True,0.0,0.1939,none,0,none,0,,0.0,0.0,0.0,0.0,0.0,0.0,0.0,0.0,0.06852409205273202,0.1939,0.19805270085055215,0.16943639139350883,0,0
330,0.04,1.0,30.0,90.0,False,none,none,-0.0027180621407835136,,0.0,,False,0.0,0.19932987692544807,none,0,none,0,,0.0,0.0,0.0,0.0,0.0,0.0,0.0,0.0,0.0739539689781801,0.19932987692544807,0.2034825777760002,0.15040265971246575,1,1
331,0.04,1.0,30.0,90.0,False,none,none,-0.0027180621407835136,,0.0,,False,0.0,0.19932987692544807,none,0,none,0,,0.0,0.0,0.0,0.0,0.0,0.0,0.0,0.0,0.0739539689781801,0.19932987692544807,0.2034825777760002,0.15040265971246575,1,1
332,0.04,1.0,30.0,90.0,True,none,none,-0.0027143642241168123,0.014142173815984843,-0.010089876925448077,0.45384793572268745,True,0.0,0.18924,sigma_d,1,sigma_d,1,sigma_d,0.9989228131457978,0.0,0.0,0.0,0.9989228131457978,0.0,0.0,0.0,0.06386409205273202,0.18924,0.19339270085055213,0.14031278278701767,0,0
333,0.04,1.0,45.0,0.0,False,sigma_d,sigma_d,-0.001123290211288576,,0.0,,False,0.0,0.1545553605630179,sigma_d,1,sigma_d,1,sigma_d,0.9836685528749589,0.0,0.0,0.0,0.9836685528749589,0.0,0.0,0.0,0.029179452615749946,0.1545553605630179,0.1545553605630179,0.1545553605630179,1,1
334,0.04,1.0,45.0,0.0,False,sigma_d,sigma_d,-0.001123290211288576,,0.0,,False,0.0,0.1545553605630179,sigma_d,1,sigma_d,1,sigma_d,0.9836685528749589,0.0,0.0,0.0,0.9836685528749589,0.0,0.0,0.0,0.029179452615749946,0.1545553605630179,0.1545553605630179,0.1545553605630179,1,1
335,0.04,1.0,45.0,0.0,False,sigma_d,sigma_d,-0.001123290211288576,,0.0,,False,0.0,0.1545553605630179,sigma_d,1,sigma_d,1,sigma_d,0.9836685528749589,0.0,0.0,0.0,0.9836685528749589,0.0,0.0,0.0,0.029179452615749946,0.1545553605630179,0.1545553605630179,0.1545553605630179,1,1
336,0.04,1.0,45.0,45.0,False,none,none,0.002313837142518654,,0.0,,False,0.0,0.17901896916950907,sigma_d,1,sigma_d,1,sigma_d,0.9896227080694054,0.0,0.0,0.0,0.9896227080694054,0.0,0.0,0.0,0.0536430612222411,0.17901896916950907,0.17901896916950907,0.1545553605630179,0,0
337,0.04,1.0,45.0,45.0,False,none,none,0.002313837142518654,,0.0,,False,0.0,0.17901896916950907,sigma_d,1,sigma_d,1,sigma_d,0.9896227080694054,0.0,0.0,0.0,0.9896227080694054,0.0,0.0,0.0,0.0536430612222411,0.17901896916950907,0.17901896916950907,0.1545553605630179,0,0
338,0.04,1.0,45.0,45.0,False,none,none,0.002313837142518654,,0.0,,False,0.0,0.17901896916950907,sigma_d,1,sigma_d,1,sigma_d,0.9896227080694054,0.0,0.0,0.0,0.9896227080694054,0.0,0.0,0.0,0.0536430612222411,0.17901896916950907,0.17901896916950907,0.1545553605630179,0,0
339,0.04,1.0,45.0,90.0,False,none,none,0.00011619887132588436,,0.0,,False,0.0,0.2034825777760002,none,0,none,0,,0.0,0.0,0.0,0.0,0.0,0.0,0.0,0.0,0.07810666982873225,0.2034825777760002,0.2034825777760002,0.1545553605630179,1,1
340,0.04,1.0,45.0,90.0,False,theta,theta,0.00011619887132588436,,0.0,,False,0.0,0.2034825777760002,none,0,none,0,,0.0,0.0,0.0,0.0,0.0,0.0,0.0,0.0,0.07810666982873225,0.2034825777760002,0.2034825777760002,0.1545553605630179,0,0
341,0.04,1.0,45.0,90.0,False,none,none,0.00011619887132588436,,0.0,,False,0.0,0.2034825777760002,none,0,none,0,,0.0,0.0,0.0,0.0,0.0,0.0,0.0,0.0,0.07810666982873225,0.2034825777760002,0.2034825777760002,0.1545553605630179,1,1
342,0.04,1.0,60.0,0.0,False,none,none,-0.0020520500325124777,,0.0,,False,0.0,0.15870806141357008,sigma_d,1,sigma_d,1,sigma_d,0.9074662556938843,0.0,0.0,0.0,0.9074662556938843,0.0,0.0,0.0,0.0333321534663021,0.15870806141357008,0.1545553605630179,0.15870806141357008,0,0
343,0.04,1.0,60.0,0.0,False,none,none,-0.0020520500325124777,,0.0,,False,0.0,0.15870806141357008,sigma_d,1,sigma_d,1,sigma_d,0.9074662556938843,0.0,0.0,0.0,0.9074662556938843,0.0,0.0,0.0,0.0333321534663021,0.15870806141357008,0.1545553605630179,0.15870806141357008,0,0
344,0.04,1.0,60.0,0.0,False,phi,phi,-0.0020520500325124777,,0.0,,False,0.0,0.15870806141357008,sigma_d,1,sigma_d,1,sigma_d,0.9074662556938843,0.0,0.0,0.0,0.9074662556938843,0.0,0.0,0.0,0.0333321534663021,0.15870806141357008,0.1545553605630179,0.15870806141357008,0,0
345,0.04,1.0,60.0,45.0,False,none,none,0.0011279158629614525,,0.0,,False,0.0,0.18317167002006124,sigma_d,1,sigma_d,1,sigma_d,0.939493513133149,0.0,0.0,0.0,0.939493513133149,0.0,0.0,0.0,0.05779576207279325,0.18317167002006124,0.17901896916950907,0.15870806141357008,0,0
346,0.04,1.0,60.0,45.0,False,none,none,0.0011279158629614525,,0.0,,False,0.0,0.18317167002006124,sigma_d,1,sigma_d,1,sigma_d,0.939493513133149,0.0,0.0,0.0,0.939493513133149,0.0,0.0,0.0,0.05779576207279325,0.18317167002006124,0.17901896916950907,0.15870806141357008,0,0
347,0.04,1.0,60.0,45.0,False,none,none,0.0011279158629614525,,0.0,,False,0.0,0.18317167002006124,sigma_d,1,sigma_d,1,sigma_d,0.939493513133149,0.0,0.0,0.0,0.939493513133149,0.0,0.0,0.0,0.05779576207279325,0.18317167002006124,0.17901896916950907,0.15870806141357008,0,0
348,0.04,1.0,60.0,90.0,False,none,none,0.0002681682167686838,,0.0,,False,0.0,0.2076352786265524,none,0,none,0,,0.0,0.0,0.0,0.0,0.0,0.0,0.0,0.0,0.0822593706792844,0.2076352786265524,0.2034825777760002,0.15870806141357008,1,1
350,0.04,1.0,60.0,90.0,False,none,none,0.0002681682167686838,,0.0,,False,0.0,0.2076352786265524,none,0,none,0,,0.0,0.0,0.0,0.0,0.0,0.0,0.0,0.0,0.0822593706792844,0.2076352786265524,0.2034825777760002,0.15870806141357008,1,1
351,0.04,0.75,30.0,0.0,False,sigma_d,sigma_d,0.0009252612766019273,,0.0,,False,0.0,0.14986395850778086,sigma_d,1,sigma_d,1,sigma_d,0.9966574655932074,0.0,0.0,0.0,0.9966574655932074,0.0,0.0,0.0,0.024488050560512904,0.15040265971246575,0.15401665935833303,0.14986395850778086,1,1
352,0.04,0.75,30.0,0.0,False,sigma_d,sigma_d,0.0009252612766019273,,0.0,,False,0.0,0.14986395850778086,sigma_d,1,sigma_d,1,sigma_d,0.9966574655932074,0.0,0.0,0.0,0.9966574655932074,0.0,0.0,0.0,0.024488050560512904,0.15040265971246575,0.15401665935833303,0.14986395850778086,1,1
353,0.04,0.75,30.0,0.0,False,sigma_d,sigma_d,0.0009252612766019273,,0.0,,False,0.0,0.14986395850778086,sigma_d,1,sigma_d,1,sigma_d,0.9966574655932074,0.0,0.0,0.0,0.9966574655932074,0.0,0.0,0.0,0.024488050560512904,0.15040265971246575,0.15401665935833303,0.14986395850778086,1,1
356,0.04,0.75,30.0,45.0,True,sigma_d,sigma_d,0.001056685505409256,-0.0262925279591098,0.003062432885727967,1.2828842347237166,True,0.0,0.17739,sigma_d,1,sigma_d,1,sigma_d,0.9978862700068631,0.0,0.0,0.0,0.9978862700068631,0.0,0.0,0.0,0.052014092052732025,0.17792870120468487,0.18154270085055216,0.15292639139350883,1,1
358,0.04,0.75,30.0,90.0,False,none,none,-0.0027180621407835136,,0.0,,False,0.0,0.19879117572076316,none,0,none,0,,0.0,0.0,0.0,0.0,0.0,0.0,0.0,0.0,0.07341526777349522,0.19932987692544807,0.20294387657131535,0.14986395850778086,1,1
359,0.04,0.75,30.0,90.0,False,none,none,-0.0027180621407835136,,0.0,,False,0.0,0.19879117572076316,none,0,none,0,,0.0,0.0,0.0,0.0,0.0,0.0,0.0,0.0,0.07341526777349522,0.19932987692544807,0.20294387657131535,0.14986395850778086,1,1
360,0.04,0.75,45.0,0.0,False,none,none,-0.001123290211288576,,0.0,,False,0.0,0.15401665935833303,sigma_d,1,sigma_d,1,sigma_d,0.9798177749081768,0.0,0.0,0.0,0.9798177749081768,0.0,0.0,0.0,0.028640751411065063,0.1545553605630179,0.15401665935833303,0.15401665935833303,0,0
361,0.04,0.75,45.0,0.0,False,sigma_d,sigma_d,-0.001123290211288576,,0.0,,False,0.0,0.15401665935833303,sigma_d,1,sigma_d,1,sigma_d,0.9798177749081768,0.0,0.0,0.0,0.9798177749081768,0.0,0.0,0.0,0.028640751411065063,0.1545553605630179,0.15401665935833303,0.15401665935833303,1,1
362,0.04,0.75,45.0,0.0,False,phi,phi,-0.001123290211288576,,0.0,,False,0.0,0.15401665935833303,sigma_d,1,sigma_d,1,sigma_d,0.9798177749081768,0.0,0.0,0.0,0.9798177749081768,0.0,0.0,0.0,0.028640751411065063,0.1545553605630179,0.15401665935833303,0.15401665935833303,0,0
363,0.04,0.75,45.0,45.0,False,sigma_d,sigma_d,0.002313837142518654,,0.0,,False,0.0,0.1784802679648242,sigma_d,1,sigma_d,1,sigma_d,0.9871575260547125,0.0,0.0,0.0,0.9871575260547125,0.0,0.0,0.0,0.05310436001755622,0.17901896916950907,0.1784802679648242,0.15401665935833303,1,1
364,0.04,0.75,45.0,45.0,False,none,none,0.002313837142518654,,0.0,,False,0.0,0.1784802679648242,sigma_d,1,sigma_d,1,sigma_d,0.9871575260547125,0.0,0.0,0.0,0.9871575260547125,0.0,0.0,0.0,0.05310436001755622,0.17901896916950907,0.1784802679648242,0.15401665935833303,0,0
365,0.04,0.75,45.0,45.0,False,none,none,0.002313837142518654,,0.0,,False,0.0,0.1784802679648242,sigma_d,1,sigma_d,1,sigma_d,0.9871575260547125,0.0,0.0,0.0,0.9871575260547125,0.0,0.0,0.0,0.05310436001755622,0.17901896916950907,0.1784802679648242,0.15401665935833303,0,0
366,0.04,0.75,45.0,90.0,False,sigma_d,sigma_d,0.00011619887132588436,,0.0,,False,0.0,0.20294387657131535,none,0,none,0,,0.0,0.0,0.0,0.0,0.0,0.0,0.0,0.0,0.07756796862404737,0.2034825777760002,0.20294387657131535,0.15401665935833303,0,0
367,0.04,0.75,45.0,90.0,False,none,none,0.00011619887132588436,,0.0,,False,0.0,0.20294387657131535,none,0,none,0,,0.0,0.0,0.0,0.0,0.0,0.0,0.0,0.0,0.07756796862404737,0.2034825777760002,0.20294387657131535,0.15401665935833303,1,1
368,0.04,0.75,45.0,90.0,False,none,none,0.00011619887132588436,,0.0,,False,0.0,0.20294387657131535,none,0,none,0,,0.0,0.0,0.0,0.0,0.0,0.0,0.0,0.0,0.07756796862404737,0.2034825777760002,0.20294387657131535,0.15401665935833303,1,1
369,0.04,0.75,60.0,0.0,False,none,none,-0.0020520500325124777,,0.0,,False,0.0,0.1581693602088852,sigma_d,1,sigma_d,1,sigma_d,0.887699089855249,0.0,0.0,0.0,0.887699089855249,0.0,0.0,0.0,0.032793452261617215,0.15870806141357008,0.15401665935833303,0.1581693602088852,0,0
370,0.04,0.75,60.0,0.0,False,none,none,-0.0020520500325124777,,0.0,,False,0.0,0.1581693602088852,sigma_d,1,sigma_d,1,sigma_d,0.887699089855249,0.0,0.0,0.0,0.887699089855249,0.0,0.0,0.0,0.032793452261617215,0.15870806141357008,0.15401665935833303,0.1581693602088852,0,0
371,0.04,0.75,60.0,0.0,False,none,none,-0.0020520500325124777,,0.0,,False,0.0,0.1581693602088852,sigma_d,1,sigma_d,1,sigma_d,0.887699089855249,0.0,0.0,0.0,0.887699089855249,0.0,0.0,0.0,0.032793452261617215,0.15870806141357008,0.15401665935833303,0.1581693602088852,0,0
372,0.04,0.75,60.0,45.0,False,none,none,0.0011279158629614525,,0.0,,False,0.0,0.18263296881537636,sigma_d,1,sigma_d,1,sigma_d,0.9260102127661731,0.0,0.0,0.0,0.9260102127661731,0.0,0.0,0.0,0.05725706086810837,0.18317167002006124,0.1784802679648242,0.1581693602088852,0,0
373,0.04,0.75,60.0,45.0,False,none,none,0.0011279158629614525,,0.0,,False,0.0,0.18263296881537636,sigma_d,1,sigma_d,1,sigma_d,0.9260102127661731,0.0,0.0,0.0,0.9260102127661731,0.0,0.0,0.0,0.05725706086810837,0.18317167002006124,0.1784802679648242,0.1581693602088852,0,0
374,0.04,0.75,60.0,45.0,False,none,none,0.0011279158629614525,,0.0,,False,0.0,0.18263296881537636,sigma_d,1,sigma_d,1,sigma_d,0.9260102127661731,0.0,0.0,0.0,0.9260102127661731,0.0,0.0,0.0,0.05725706086810837,0.18317167002006124,0.1784802679648242,0.1581693602088852,0,0
375,0.04,0.75,60.0,90.0,False,none,none,0.0002681682167686838,,0.0,,False,0.0,0.2070965774218675,none,0,none,0,,0.0,0.0,0.0,0.0,0.0,0.0,0.0,0.0,0.08172066947459952,0.2076352786265524,0.20294387657131535,0.1581693602088852,1,1
376,0.04,0.75,60.0,90.0,False,none,none,0.0002681682167686838,,0.0,,False,0.0,0.2070965774218675,none,0,none,0,,0.0,0.0,0.0,0.0,0.0,0.0,0.0,0.0,0.08172066947459952,0.2076352786265524,0.20294387657131535,0.1581693602088852,1,1
377,0.04,0.75,60.0,90.0,False,none,none,0.0002681682167686838,,0.0,,False,0.0,0.2070965774218675,none,0,none,0,,0.0,0.0,0.0,0.0,0.0,0.0,0.0,0.0,0.08172066947459952,0.2076352786265524,0.20294387657131535,0.1581693602088852,1,1
378,0.04,0.5,30.0,0.0,True,sigma_d,sigma_d,0.0009277352349353271,-0.02130181993297886,-0.004715257303095993,0.058403227884399556,True,0.0,0.14461,sigma_d,1,sigma_d,1,sigma_d,0.9958564312907435,0.0,0.0,0.0,0.9958564312907435,0.0,0.0,0.0,0.019234092052732035,0.14568740240936975,0.14876270085055215,0.14461,1,1
379,0.04,0.5,30.0,0.0,False,sigma_d,sigma_d,0.0009252612766019273,,0.0,,False,0.0,0.14932525730309598,sigma_d,1,sigma_d,1,sigma_d,0.9958564312907435,0.0,0.0,0.0,0.9958564312907435,0.0,0.0,0.0,0.02394934935582803,0.15040265971246575,0.15347795815364815,0.14932525730309598,1,1
380,0.04,0.5,30.0,0.0,False,sigma_d,sigma_d,0.0009252612766019273,,0.0,,False,0.0,0.14932525730309598,sigma_d,1,sigma_d,1,sigma_d,0.9958564312907435,0.0,0.0,0.0,0.9958564312907435,0.0,0.0,0.0,0.02394934935582803,0.15040265971246575,0.15347795815364815,0.14932525730309598,1,1
381,0.04,0.5,30.0,45.0,False,none,none,0.0010583521720758573,,0.0,,False,0.0,0.17378886590958714,sigma_d,1,sigma_d,1,sigma_d,0.997378942745159,0.0,0.0,0.0,0.997378942745159,0.0,0.0,0.0,0.04841295796231918,0.1748662683189569,0.1779415667601393,0.14932525730309598,0,0
382,0.04,0.5,30.0,45.0,False,none,none,0.0010583521720758573,,0.0,,False,0.0,0.17378886590958714,sigma_d,1,sigma_d,1,sigma_d,0.997378942745159,0.0,0.0,0.0,0.997378942745159,0.0,0.0,0.0,0.04841295796231918,0.1748662683189569,0.1779415667601393,0.14932525730309598,0,0
383,0.04,0.5,30.0,45.0,False,sigma_d,sigma_d,0.0010583521720758573,,0.0,,False,0.0,0.17378886590958714,sigma_d,1,sigma_d,1,sigma_d,0.997378942745159,0.0,0.0,0.0,0.997378942745159,0.0,0.0,0.0,0.04841295796231918,0.1748662683189569,0.1779415667601393,0.14932525730309598,1,1
384,0.04,0.5,30.0,90.0,True,none,none,-0.0027143642241168123,0.014215161687517658,-0.037082474516078295,0.7106541309345055,True,0.0,0.16117,sigma_d,1,sigma_d,1,sigma_d,0.9983429539771129,0.0,0.0,0.0,0.9983429539771129,0.0,0.0,0.0,0.03579409205273204,0.16224740240936977,0.16532270085055215,0.11224278278701769,0,0
385,0.04,0.5,30.0,90.0,False,none,none,-0.0027180621407835136,,0.0,,False,0.0,0.1982524745160783,none,0,none,0,,0.0,0.0,0.0,0.0,0.0,0.0,0.0,0.0,0.07287656656881034,0.19932987692544807,0.20240517536663044,0.14932525730309598,1,1
386,0.04,0.5,30.0,90.0,True,none,none,-0.0027143642241168123,0.004725161687517659,-0.052022474516078304,0.7106541309345055,True,0.0,0.14623,sigma_d,1,sigma_d,1,sigma_d,0.9983429539771129,0.0,0.0,0.0,0.9983429539771129,0.0,0.0,0.0,0.02085409205273203,0.14730740240936976,0.15038270085055214,0.09730278278701768,0,0
387,0.04,0.5,45.0,0.0,False,none,none,-0.001123290211288576,,0.0,,False,0.0,0.15347795815364815,sigma_d,1,sigma_d,1,sigma_d,0.975082025738746,0.0,0.0,0.0,0.975082025738746,0.0,0.0,0.0,0.028102050206380184,0.1545553605630179,0.15347795815364815,0.15347795815364815,0,0
388,0.04,0.5,45.0,0.0,False,sigma_d,sigma_d,-0.001123290211288576,,0.0,,False,0.0,0.15347795815364815,sigma_d,1,sigma_d,1,sigma_d,0.975082025738746,0.0,0.0,0.0,0.975082025738746,0.0,0.0,0.0,0.028102050206380184,0.1545553605630179,0.15347795815364815,0.15347795815364815,1,1
389,0.04,0.5,45.0,0.0,False,none,none,-0.001123290211288576,,0.0,,False,0.0,0.15347795815364815,sigma_d,1,sigma_d,1,sigma_d,0.975082025738746,0.0,0.0,0.0,0.975082025738746,0.0,0.0,0.0,0.028102050206380184,0.1545553605630179,0.15347795815364815,0.15347795815364815,0,0
390,0.04,0.5,45.0,45.0,False,none,none,0.002313837142518654,,0.0,,False,0.0,0.1779415667601393,sigma_d,1,sigma_d,1,sigma_d,0.9841161260869719,0.0,0.0,0.0,0.9841161260869719,0.0,0.0,0.0,0.05256565881287134,0.17901896916950907,0.1779415667601393,0.15347795815364815,0,0
391,0.04,0.5,45.0,45.0,False,none,none,0.002313837142518654,,0.0,,False,0.0,0.1779415667601393,sigma_d,1,sigma_d,1,sigma_d,0.9841161260869719,0.0,0.0,0.0,0.9841161260869719,0.0,0.0,0.0,0.05256565881287134,0.17901896916950907,0.1779415667601393,0.15347795815364815,0,0
392,0.04,0.5,45.0,45.0,False,none,none,0.002313837142518654,,0.0,,False,0.0,0.1779415667601393,sigma_d,1,sigma_d,1,sigma_d,0.9841161260869719,0.0,0.0,0.0,0.9841161260869719,0.0,0.0,0.0,0.05256565881287134,0.17901896916950907,0.1779415667601393,0.15347795815364815,0,0
393,0.04,0.5,45.0,90.0,False,none,none,0.00011619887132588436,,0.0,,False,0.0,0.20240517536663044,none,0,none,0,,0.0,0.0,0.0,0.0,0.0,0.0,0.0,0.0,0.07702926741936249,0.2034825777760002,0.20240517536663044,0.15347795815364815,1,1
394,0.04,0.5,45.0,90.0,False,none,none,0.00011619887132588436,,0.0,,False,0.0,0.20240517536663044,none,0,none,0,,0.0,0.0,0.0,0.0,0.0,0.0,0.0,0.0,0.07702926741936249,0.2034825777760002,0.20240517536663044,0.15347795815364815,1,1
395,0.04,0.5,45.0,90.0,False,none,none,0.00011619887132588436,,0.0,,False,0.0,0.20240517536663044,none,0,none,0,,0.0,0.0,0.0,0.0,0.0,0.0,0.0,0.0,0.07702926741936249,0.2034825777760002,0.20240517536663044,0.15347795815364815,1,1
396,0.04,0.5,60.0,0.0,False,none,none,-0.0020520500325124777,,0.0,,False,0.0,0.1576306590042003,sigma_d,1,sigma_d,1,sigma_d,0.8643404993068434,0.0,0.0,0.0,0.8643404993068434,0.0,0.0,0.0,0.03225475105693234,0.15870806141357008,0.15347795815364815,0.1576306590042003,0,0
397,0.04,0.5,60.0,0.0,False,none,none,-0.0020520500325124777,,0.0,,False,0.0,0.1576306590042003,sigma_d,1,sigma_d,1,sigma_d,0.8643404993068434,0.0,0.0,0.0,0.8643404993068434,0.0,0.0,0.0,0.03225475105693234,0.15870806141357008,0.15347795815364815,0.1576306590042003,0,0
398,0.04,0.5,60.0,0.0,False,none,none,-0.0020520500325124777,,0.0,,False,0.0,0.1576306590042003,sigma_d,1,sigma_d,1,sigma_d,0.8643404993068434,0.0,0.0,0.0,0.8643404993068434,0.0,0.0,0.0,0.03225475105693234,0.15870806141357008,0.15347795815364815,0.1576306590042003,0,0
399,0.04,0.5,60.0,45.0,False,none,none,0.0011279158629614525,,0.0,,False,0.0,0.18209426761069147,sigma_d,1,sigma_d,1,sigma_d,0.909810723400837,0.0,0.0,0.0,0.909810723400837,0.0,0.0,0.0,0.05671835966342349,0.18317167002006124,0.1779415667601393,0.1576306590042003,0,0
400,0.04,0.5,60.0,45.0,False,none,none,0.0011279158629614525,,0.0,,False,0.0,0.18209426761069147,sigma_d,1,sigma_d,1,sigma_d,0.909810723400837,0.0,0.0,0.0,0.909810723400837,0.0,0.0,0.0,0.05671835966342349,0.18317167002006124,0.1779415667601393,0.1576306590042003,0,0
401,0.04,0.5,60.0,45.0,False,none,none,0.0011279158629614525,,0.0,,False,0.0,0.18209426761069147,sigma_d,1,sigma_d,1,sigma_d,0.909810723400837,0.0,0.0,0.0,0.909810723400837,0.0,0.0,0.0,0.05671835966342349,0.18317167002006124,0.1779415667601393,0.1576306590042003,0,0
402,0.04,0.5,60.0,90.0,False,none,none,0.0002681682167686838,,0.0,,False,0.0,0.20655787621718263,none,0,none,0,,0.0,0.0,0.0,0.0,0.0,0.0,0.0,0.0,0.08118196826991464,0.2076352786265524,0.20240517536663044,0.1576306590042003,1,1
403,0.04,0.5,60.0,90.0,False,none,none,0.0002681682167686838,,0.0,,False,0.0,0.20655787621718263,none,0,none,0,,0.0,0.0,0.0,0.0,0.0,0.0,0.0,0.0,0.08118196826991464,0.2076352786265524,0.20240517536663044,0.1576306590042003,1,1
404,0.04,0.5,60.0,90.0,False,none,none,0.0002681682167686838,,0.0,,False,0.0,0.20655787621718263,none,0,none,0,,0.0,0.0,0.0,0.0,0.0,0.0,0.0,0.0,0.08118196826991464,0.2076352786265524,0.20240517536663044,0.1576306590042003,1,1
405,0.04,0.25,30.0,0.0,False,sigma_d,sigma_d,0.0009252612766019273,,0.0,,False,0.0,0.1487865560984111,sigma_d,1,sigma_d,1,sigma_d,0.9948644192604345,0.0,0.0,0.0,0.9948644192604345,0.0,0.0,0.0,0.023410648151143146,0.15040265971246575,0.15293925694896326,0.1487865560984111,1,1
406,0.04,0.25,30.0,0.0,False,sigma_d,sigma_d,0.0009252612766019273,,0.0,,False,0.0,0.1487865560984111,sigma_d,1,sigma_d,1,sigma_d,0.9948644192604345,0.0,0.0,0.0,0.9948644192604345,0.0,0.0,0.0,0.023410648151143146,0.15040265971246575,0.15293925694896326,0.1487865560984111,1,1
407,0.04,0.25,30.0,0.0,True,sigma_d,sigma_d,0.0009277352349353271,-0.04493032599721247,0.006023443901588904,0.31464306055565183,True,0.0,0.15481,sigma_d,1,sigma_d,1,sigma_d,0.9948644192604345,0.0,0.0,0.0,0.9948644192604345,0.0,0.0,0.0,0.02943409205273205,0.15642610361405465,0.15896270085055217,0.15481,1,1
408,0.04,0.25,30.0,45.0,True,none,none,0.001056685505409256,-0.01569183518696421,0.029379835295097745,0.6200792821336356,True,0.0,0.20263,none,0,none,0,,0.0,0.0,0.0,0.0,0.0,0.0,0.0,0.0,0.07725409205273204,0.20424610361405465,0.20678270085055217,0.17816639139350884,1,1
409,0.04,0.25,30.0,45.0,False,none,none,0.0010583521720758573,,0.0,,False,0.0,0.17325016470490226,sigma_d,1,sigma_d,1,sigma_d,0.9967502457934977,0.0,0.0,0.0,0.9967502457934977,0.0,0.0,0.0,0.0478742567576343,0.1748662683189569,0.17740286555545443,0.1487865560984111,0,0
410,0.04,0.25,30.0,45.0,False,none,none,0.0010583521720758573,,0.0,,False,0.0,0.17325016470490226,sigma_d,1,sigma_d,1,sigma_d,0.9967502457934977,0.0,0.0,0.0,0.9967502457934977,0.0,0.0,0.0,0.0478742567576343,0.1748662683189569,0.17740286555545443,0.1487865560984111,0,0
411,0.04,0.25,30.0,90.0,False,none,none,-0.0027180621407835136,,0.0,,False,0.0,0.1977137733113934,none,0,none,0,,0.0,0.0,0.0,0.0,0.0,0.0,0.0,0.0,0.07233786536412545,0.19932987692544807,0.20186647416194559,0.1487865560984111,1,1
412,0.04,0.25,30.0,90.0,False,none,none,-0.0027180621407835136,,0.0,,False,0.0,0.1977137733113934,none,0,none,0,,0.0,0.0,0.0,0.0,0.0,0.0,0.0,0.0,0.07233786536412545,0.19932987692544807,0.20186647416194559,0.1487865560984111,1,1
413,0.04,0.25,30.0,90.0,False,none,none,-0.0027180621407835136,,0.0,,False,0.0,0.1977137733113934,none,0,none,0,,0.0,0.0,0.0,0.0,0.0,0.0,0.0,0.0,0.07233786536412545,0.19932987692544807,0.20186647416194559,0.1487865560984111,1,1
414,0.04,0.25,45.0,0.0,False,sigma_d,sigma_d,-0.001123290211288576,,0.0,,False,0.0,0.15293925694896326,sigma_d,1,sigma_d,1,sigma_d,0.9692698873186854,0.0,0.0,0.0,0.9692698873186854,0.0,0.0,0.0,0.027563349001695304,0.1545553605630179,0.15293925694896326,0.15293925694896326,1,1
415,0.04,0.25,45.0,0.0,False,sigma_d,sigma_d,-0.001123290211288576,,0.0,,False,0.0,0.15293925694896326,sigma_d,1,sigma_d,1,sigma_d,0.9692698873186854,0.0,0.0,0.0,0.9692698873186854,0.0,0.0,0.0,0.027563349001695304,0.1545553605630179,0.15293925694896326,0.15293925694896326,1,1
416,0.04,0.25,45.0,0.0,False,none,none,-0.001123290211288576,,0.0,,False,0.0,0.15293925694896326,sigma_d,1,sigma_d,1,sigma_d,0.9692698873186854,0.0,0.0,0.0,0.9692698873186854,0.0,0.0,0.0,0.027563349001695304,0.1545553605630179,0.15293925694896326,0.15293925694896326,0,0
417,0.04,0.25,45.0,45.0,False,none,none,0.002313837142518654,,0.0,,False,0.0,0.17740286555545443,sigma_d,1,sigma_d,1,sigma_d,0.9803687748890416,0.0,0.0,0.0,0.9803687748890416,0.0,0.0,0.0,0.05202695760818646,0.17901896916950907,0.17740286555545443,0.15293925694896326,0,0
418,0.04,0.25,45.0,45.0,False,none,none,0.002313837142518654,,0.0,,False,0.0,0.17740286555545443,sigma_d,1,sigma_d,1,sigma_d,0.9803687748890416,0.0,0.0,0.0,0.9803687748890416,0.0,0.0,0.0,0.05202695760818646,0.17901896916950907,0.17740286555545443,0.15293925694896326,0,0
419,0.04,0.25,45.0,45.0,False,none,none,0.002313837142518654,,0.0,,False,0.0,0.17740286555545443,sigma_d,1,sigma_d,1,sigma_d,0.9803687748890416,0.0,0.0,0.0,0.9803687748890416,0.0,0.0,0.0,0.05202695760818646,0.17901896916950907,0.17740286555545443,0.15293925694896326,0,0
420,0.04,0.25,45.0,90.0,False,sigma_d,sigma_d,0.00011619887132588436,,0.0,,False,0.0,0.20186647416194559,none,0,none,0,,0.0,0.0,0.0,0.0,0.0,0.0,0.0,0.0,0.07649056621467762,0.2034825777760002,0.20186647416194559,0.15293925694896326,0,0
421,0.04,0.25,45.0,90.0,False,none,none,0.00011619887132588436,,0.0,,False,0.0,0.20186647416194559,none,0,none,0,,0.0,0.0,0.0,0.0,0.0,0.0,0.0,0.0,0.07649056621467762,0.2034825777760002,0.20186647416194559,0.15293925694896326,1,1
422,0.04,0.25,45.0,90.0,False,none,none,0.00011619887132588436,,0.0,,False,0.0,0.20186647416194559,none,0,none,0,,0.0,0.0,0.0,0.0,0.0,0.0,0.0,0.0,0.07649056621467762,0.2034825777760002,0.20186647416194559,0.15293925694896326,1,1
423,0.04,0.25,60.0,0.0,False,none,none,-0.0020520500325124777,,0.0,,False,0.0,0.15709195779951543,sigma_d,1,sigma_d,1,sigma_d,0.8370153750707843,0.0,0.0,0.0,0.8370153750707843,0.0,0.0,0.0,0.031716049852247456,0.15870806141357008,0.15293925694896326,0.15709195779951543,0,0
424,0.04,0.25,60.0,0.0,False,none,none,-0.0020520500325124777,,0.0,,False,0.0,0.15709195779951543,sigma_d,1,sigma_d,1,sigma_d,0.8370153750707843,0.0,0.0,0.0,0.8370153750707843,0.0,0.0,0.0,0.031716049852247456,0.15870806141357008,0.15293925694896326,0.15709195779951543,0,0
425,0.04,0.25,60.0,0.0,False,none,none,-0.0020520500325124777,,0.0,,False,0.0,0.15709195779951543,sigma_d,1,sigma_d,1,sigma_d,0.8370153750707843,0.0,0.0,0.0,0.8370153750707843,0.0,0.0,0.0,0.031716049852247456,0.15870806141357008,0.15293925694896326,0.15709195779951543,0,0
426,0.04,0.25,60.0,45.0,False,none,none,0.0011279158629614525,,0.0,,False,0.0,0.1815555664060066,sigma_d,1,sigma_d,1,sigma_d,0.8904839438905864,0.0,0.0,0.0,0.8904839438905864,0.0,0.0,0.0,0.05617965845873861,0.18317167002006124,0.17740286555545443,0.15709195779951543,0,0
427,0.04,0.25,60.0,45.0,False,none,none,0.0011279158629614525,,0.0,,False,0.0,0.1815555664060066,sigma_d,1,sigma_d,1,sigma_d,0.8904839438905864,0.0,0.0,0.0,0.8904839438905864,0.0,0.0,0.0,0.05617965845873861,0.18317167002006124,0.17740286555545443,0.15709195779951543,0,0
428,0.04,0.25,60.0,45.0,False,none,none,0.0011279158629614525,,0.0,,False,0.0,0.1815555664060066,sigma_d,1,sigma_d,1,sigma_d,0.8904839438905864,0.0,0.0,0.0,0.8904839438905864,0.0,0.0,0.0,0.05617965845873861,0.18317167002006124,0.17740286555545443,0.15709195779951543,0,0
429,0.04,0.25,60.0,90.0,False,none,none,0.0002681682167686838,,0.0,,False,0.0,0.20601917501249772,none,0,none,0,,0.0,0.0,0.0,0.0,0.0,0.0,0.0,0.0,0.08064326706522976,0.2076352786265524,0.20186647416194559,0.15709195779951543,1,1
430,0.04,0.25,60.0,90.0,False,none,none,0.0002681682167686838,,0.0,,False,0.0,0.20601917501249772,none,0,none,0,,0.0,0.0,0.0,0.0,0.0,0.0,0.0,0.0,0.08064326706522976,0.2076352786265524,0.20186647416194559,0.15709195779951543,1,1
431,0.04,0.25,60.0,90.0,False,none,none,0.0002681682167686838,,0.0,,False,0.0,0.20601917501249772,none,0,none,0,,0.0,0.0,0.0,0.0,0.0,0.0,0.0,0.0,0.08064326706522976,0.2076352786265524,0.20186647416194559,0.15709195779951543,1,1
