trial_id,sigma_d,rho,phi,theta,seed,observed_success,cf_sigma_d_success,cf_rho_success,cf_phi_success,cf_theta_success,n_cf_successes,primary_cause
0,0.0,1.0,30.0,0.0,0,0,1,1,1,1,4,phi+rho+sigma_d+theta
2,0.0,1.0,30.0,0.0,20002,0,1,1,1,1,4,phi+rho+sigma_d+theta
15,0.0,1.0,45.0,90.0,15,0,0,0,0,1,1,theta
16,0.0,1.0,45.0,90.0,10016,0,0,0,0,1,1,theta
18,0.0,1.0,60.0,0.0,18,0,0,0,1,0,1,phi
19,0.0,1.0,60.0,0.0,10019,0,0,0,1,0,1,phi
20,0.0,1.0,60.0,0.0,20020,0,0,0,1,0,1,phi
21,0.0,1.0,60.0,45.0,21,0,0,0,0,0,0,none
22,0.0,1.0,60.0,45.0,10022,0,0,0,1,0,1,phi
23,0.0,1.0,60.0,45.0,20023,0,0,0,0,0,0,none
24,0.0,1.0,60.0,90.0,24,0,0,0,1,0,1,phi
25,0.0,1.0,60.0,90.0,10025,0,0,0,0,0,0,none
26,0.0,1.0,60.0,90.0,20026,0,0,0,0,0,0,none
33,0.0,0.75,30.0,90.0,33,0,0,0,0,1,1,theta
44,0.0,0.75,45.0,90.0,20044,0,0,1,0,0,1,rho
51,0.0,0.75,60.0,90.0,51,0,0,0,0,0,0,none
53,0.0,0.75,60.0,90.0,20053,0,0,0,0,0,0,none
69,0.0,0.5,45.0,90.0,69,0,0,0,0,0,0,none
72,0.0,0.5,60.0,0.0,72,0,0,0,0,0,0,none
73,0.0,0.5,60.0,0.0,10073,0,0,0,0,0,0,none
78,0.0,0.5,60.0,90.0,78,0,0,0,0,0,0,none
79,0.0,0.5,60.0,90.0,10079,0,0,0,1,0,1,phi
80,0.0,0.5,60.0,90.0,20080,0,0,0,0,0,0,none
88,0.0,0.25,30.0,90.0,10088,0,0,0,0,1,1,theta
98,0.0,0.25,45.0,90.0,20098,0,0,0,1,0,1,phi
99,0.0,0.25,60.0,0.0,99,0,0,0,1,0,1,phi
100,0.0,0.25,60.0,0.0,10100,0,0,0,0,0,0,none
101,0.0,0.25,60.0,0.0,20101,0,0,0,0,0,0,none
105,0.0,0.25,60.0,90.0,105,0,0,0,1,0,1,phi
106,0.0,0.25,60.0,90.0,10106,0,0,0,1,0,1,phi
107,0.0,0.25,60.0,90.0,20107,0,0,0,0,0,0,none
112,0.005,1.0,30.0,45.0,10112,0,1,0,0,1,2,sigma_d+theta
114,0.005,1.0,30.0,90.0,114,0,0,0,0,1,1,theta
117,0.005,1.0,45.0,0.0,117,0,1,1,1,0,3,phi+rho+sigma_d
118,0.005,1.0,45.0,0.0,10118,0,1,1,0,1,3,rho+sigma_d+theta
120,0.005,1.0,45.0,45.0,120,0,1,0,0,1,2,sigma_d+theta
123,0.005,1.0,45.0,90.0,123,0,0,0,0,0,0,none
126,0.005,1.0,60.0,0.0,126,0,0,0,1,0,1,phi
127,0.005,1.0,60.0,0.0,10127,0,0,0,1,0,1,phi
128,0.005,1.0,60.0,0.0,20128,0,0,0,1,0,1,phi
129,0.005,1.0,60.0,45.0,129,0,0,0,0,0,0,none
130,0.005,1.0,60.0,45.0,10130,0,0,0,0,0,0,none
131,0.005,1.0,60.0,45.0,20131,0,0,0,0,0,0,none
132,0.005,1.0,60.0,90.0,132,0,0,0,0,0,0,none
133,0.005,1.0,60.0,90.0,10133,0,0,0,0,0,0,none
134,0.005,1.0,60.0,90.0,20134,0,0,0,0,0,0,none
142,0.005,0.75,30.0,90.0,10142,0,0,0,0,1,1,theta
143,0.005,0.75,30.0,90.0,20143,0,0,0,0,1,1,theta
150,0.005,0.75,45.0,90.0,150,0,0,0,0,0,0,none
151,0.005,0.75,45.0,90.0,10151,0,0,0,0,0,0,none
152,0.005,0.75,45.0,90.0,20152,0,0,0,0,0,0,none
153,0.005,0.75,60.0,0.0,153,0,0,0,0,0,0,none
155,0.005,0.75,60.0,0.0,20155,0,0,0,0,0,0,none
156,0.005,0.75,60.0,45.0,156,0,0,0,0,0,0,none
158,0.005,0.75,60.0,45.0,20158,0,0,0,0,0,0,none
160,0.005,0.75,60.0,90.0,10160,0,0,0,0,0,0,none
161,0.005,0.75,60.0,90.0,20161,0,0,0,0,0,0,none
166,0.005,0.5,30.0,45.0,10166,0,1,0,0,1,2,sigma_d+theta
167,0.005,0.5,30.0,45.0,20167,0,0,0,0,1,1,theta
168,0.005,0.5,30.0,90.0,168,0,0,0,0,1,1,theta
170,0.005,0.5,30.0,90.0,20170,0,0,1,0,1,2,rho+theta
175,0.005,0.5,45.0,45.0,10175,0,1,0,0,0,1,sigma_d
176,0.005,0.5,45.0,45.0,20176,0,0,0,0,0,0,none
177,0.005,0.5,45.0,90.0,177,0,1,0,0,0,1,sigma_d
178,0.005,0.5,45.0,90.0,10178,0,0,0,0,0,0,none
179,0.005,0.5,45.0,90.0,20179,0,0,0,0,0,0,none
180,0.005,0.5,60.0,0.0,180,0,0,0,0,0,0,none
181,0.005,0.5,60.0,0.0,10181,0,0,0,0,0,0,none
183,0.005,0.5,60.0,45.0,183,0,0,0,0,0,0,none
184,0.005,0.5,60.0,45.0,10184,0,0,0,0,0,0,none
186,0.005,0.5,60.0,90.0,186,0,0,0,1,0,1,phi
187,0.005,0.5,60.0,90.0,10187,0,0,0,0,0,0,none
188,0.005,0.5,60.0,90.0,20188,0,0,0,1,0,1,phi
192,0.005,0.25,30.0,45.0,192,0,0,1,1,1,3,phi+rho+theta
193,0.005,0.25,30.0,45.0,10193,0,1,0,0,1,2,sigma_d+theta
194,0.005,0.25,30.0,45.0,20194,0,0,0,0,1,1,theta
195,0.005,0.25,30.0,90.0,195,0,0,0,0,1,1,theta
196,0.005,0.25,30.0,90.0,10196,0,0,0,0,1,1,theta
197,0.005,0.25,30.0,90.0,20197,0,0,0,0,1,1,theta
201,0.005,0.25,45.0,45.0,201,0,1,0,0,0,1,sigma_d
203,0.005,0.25,45.0,45.0,20203,0,0,0,0,0,0,none
204,0.005,0.25,45.0,90.0,204,0,0,0,0,0,0,none
205,0.005,0.25,45.0,90.0,10205,0,0,0,0,0,0,none
206,0.005,0.25,45.0,90.0,20206,0,0,0,0,0,0,none
207,0.005,0.25,60.0,0.0,207,0,0,0,0,0,0,none
208,0.005,0.25,60.0,0.0,10208,0,0,0,0,0,0,none
209,0.005,0.25,60.0,0.0,20209,0,0,0,0,0,0,none
211,0.005,0.25,60.0,45.0,10211,0,0,0,0,0,0,none
212,0.005,0.25,60.0,45.0,20212,0,0,0,0,0,0,none
213,0.005,0.25,60.0,90.0,213,0,1,0,0,0,1,sigma_d
214,0.005,0.25,60.0,90.0,10214,0,0,0,0,0,0,none
215,0.005,0.25,60.0,90.0,20215,0,0,0,0,0,0,none
216,0.02,1.0,30.0,0.0,216,0,1,1,1,0,3,phi+rho+sigma_d
217,0.02,1.0,30.0,0.0,10217,0,1,1,1,1,4,phi+rho+sigma_d+theta
218,0.02,1.0,30.0,0.0,20218,0,1,1,1,0,3,phi+rho+sigma_d
219,0.02,1.0,30.0,45.0,219,0,1,0,0,1,2,sigma_d+theta
220,0.02,1.0,30.0,45.0,10220,0,1,0,0,1,2,sigma_d+theta
221,0.02,1.0,30.0,45.0,20221,0,1,0,0,1,2,sigma_d+theta
222,0.02,1.0,30.0,90.0,222,0,0,0,0,1,1,theta
223,0.02,1.0,30.0,90.0,10223,0,0,0,0,1,1,theta
224,0.02,1.0,30.0,90.0,20224,0,0,0,0,1,1,theta
225,0.02,1.0,45.0,0.0,225,0,1,0,0,0,1,sigma_d
227,0.02,1.0,45.0,0.0,20227,0,1,0,1,0,2,phi+sigma_d
228,0.02,1.0,45.0,45.0,228,0,1,0,0,1,2,sigma_d+theta
229,0.02,1.0,45.0,45.0,10229,0,0,0,0,1,1,theta
230,0.02,1.0,45.0,45.0,20230,0,0,0,0,0,0,none
231,0.02,1.0,45.0,90.0,231,0,1,0,0,1,2,sigma_d+theta
232,0.02,1.0,45.0,90.0,10232,0,1,0,0,0,1,sigma_d
233,0.02,1.0,45.0,90.0,20233,0,0,0,0,1,1,theta
235,0.02,1.0,60.0,0.0,10235,0,0,0,1,0,1,phi
236,0.02,1.0,60.0,0.0,20236,0,0,0,0,0,0,none
237,0.02,1.0,60.0,45.0,237,0,0,0,0,0,0,none
238,0.02,1.0,60.0,45.0,10238,0,0,0,0,0,0,none
239,0.02,1.0,60.0,45.0,20239,0,0,0,0,0,0,none
240,0.02,1.0,60.0,90.0,240,0,0,0,0,0,0,none
241,0.02,1.0,60.0,90.0,10241,0,0,0,0,0,0,none
242,0.02,1.0,60.0,90.0,20242,0,0,0,0,0,0,none
243,0.02,0.75,30.0,0.0,243,0,1,1,1,0,3,phi+rho+sigma_d
244,0.02,0.75,30.0,0.0,10244,0,1,0,0,1,2,sigma_d+theta
245,0.02,0.75,30.0,0.0,20245,0,1,1,0,1,3,rho+sigma_d+theta
246,0.02,0.75,30.0,45.0,246,0,0,0,0,1,1,theta
247,0.02,0.75,30.0,45.0,10247,0,1,0,0,1,2,sigma_d+theta
248,0.02,0.75,30.0,45.0,20248,0,0,0,0,0,0,none
249,0.02,0.75,30.0,90.0,249,0,0,0,0,1,1,theta
250,0.02,0.75,30.0,90.0,10250,0,0,0,0,1,1,theta
251,0.02,0.75,30.0,90.0,20251,0,0,0,0,1,1,theta
253,0.02,0.75,45.0,0.0,10253,0,0,1,1,0,2,phi+rho
255,0.02,0.75,45.0,45.0,255,0,0,0,0,1,1,theta
256,0.02,0.75,45.0,45.0,10256,0,0,0,0,0,0,none
257,0.02,0.75,45.0,45.0,20257,0,0,0,0,0,0,none
258,0.02,0.75,45.0,90.0,258,0,0,0,0,1,1,theta
259,0.02,0.75,45.0,90.0,10259,0,0,0,0,1,1,theta
260,0.02,0.75,45.0,90.0,20260,0,0,0,0,0,0,none
261,0.02,0.75,60.0,0.0,261,0,0,0,1,0,1,phi
262,0.02,0.75,60.0,0.0,10262,0,0,0,1,0,1,phi
263,0.02,0.75,60.0,0.0,20263,0,0,0,1,0,1,phi
264,0.02,0.75,60.0,45.0,264,0,0,0,0,0,0,none
265,0.02,0.75,60.0,45.0,10265,0,0,0,0,0,0,none
266,0.02,0.75,60.0,45.0,20266,0,0,0,0,0,0,none
267,0.02,0.75,60.0,90.0,267,0,0,0,0,0,0,none
268,0.02,0.75,60.0,90.0,10268,0,0,0,0,0,0,none
269,0.02,0.75,60.0,90.0,20269,0,0,0,0,0,0,none
270,0.02,0.5,30.0,0.0,270,0,1,0,0,1,2,sigma_d+theta
271,0.02,0.5,30.0,0.0,10271,0,1,1,0,0,2,rho+sigma_d
272,0.02,0.5,30.0,0.0,20272,0,1,1,1,1,4,phi+rho+sigma_d+theta
273,0.02,0.5,30.0,45.0,273,0,0,0,0,1,1,theta
274,0.02,0.5,30.0,45.0,10274,0,0,0,0,0,0,none
275,0.02,0.5,30.0,45.0,20275,0,0,0,0,1,1,theta
276,0.02,0.5,30.0,90.0,276,0,0,0,0,0,0,none
277,0.02,0.5,30.0,90.0,10277,0,0,0,0,0,0,none
278,0.02,0.5,30.0,90.0,20278,0,0,0,0,1,1,theta
282,0.02,0.5,45.0,45.0,282,0,1,0,0,0,1,sigma_d
283,0.02,0.5,45.0,45.0,10283,0,0,0,0,0,0,none
284,0.02,0.5,45.0,45.0,20284,0,0,0,0,1,1,theta
285,0.02,0.5,45.0,90.0,285,0,0,0,0,0,0,none
286,0.02,0.5,45.0,90.0,10286,0,0,0,0,1,1,theta
287,0.02,0.5,45.0,90.0,20287,0,0,0,0,0,0,none
289,0.02,0.5,60.0,0.0,10289,0,0,0,1,0,1,phi
290,0.02,0.5,60.0,0.0,20290,0,0,0,0,0,0,none
291,0.02,0.5,60.0,45.0,291,0,0,0,0,0,0,none
292,0.02,0.5,60.0,45.0,10292,0,0,0,0,0,0,none
293,0.02,0.5,60.0,45.0,20293,0,0,0,0,0,0,none
294,0.02,0.5,60.0,90.0,294,0,0,0,0,0,0,none
295,0.02,0.5,60.0,90.0,10295,0,0,0,0,0,0,none
296,0.02,0.5,60.0,90.0,20296,0,0,0,0,0,0,none
297,0.02,0.25,30.0,0.0,297,0,1,1,0,1,3,rho+sigma_d+theta
298,0.02,0.25,30.0,0.0,10298,0,1,1,1,1,4,phi+rho+sigma_d+theta
300,0.02,0.25,30.0,45.0,300,0,0,0,0,0,0,none
301,0.02,0.25,30.0,45.0,10301,0,1,0,0,1,2,sigma_d+theta
302,0.02,0.25,30.0,45.0,20302,0,0,0,0,1,1,theta
303,0.02,0.25,30.0,90.0,303,0,0,0,0,0,0,none
304,0.02,0.25,30.0,90.0,10304,0,0,0,0,1,1,theta
305,0.02,0.25,30.0,90.0,20305,0,0,0,0,1,1,theta
309,0.02,0.25,45.0,45.0,309,0,0,0,0,1,1,theta
310,0.02,0.25,45.0,45.0,10310,0,1,0,0,0,1,sigma_d
311,0.02,0.25,45.0,45.0,20311,0,0,0,0,0,0,none
312,0.02,0.25,45.0,90.0,312,0,0,0,0,0,0,none
313,0.02,0.25,45.0,90.0,10313,0,1,0,0,0,1,sigma_d
314,0.02,0.25,45.0,90.0,20314,0,0,0,0,0,0,none
315,0.02,0.25,60.0,0.0,315,0,0,0,1,0,1,phi
316,0.02,0.25,60.0,0.0,10316,0,0,0,0,0,0,none
317,0.02,0.25,60.0,0.0,20317,0,0,0,0,0,0,none
318,0.02,0.25,60.0,45.0,318,0,1,0,0,0,1,sigma_d
319,0.02,0.25,60.0,45.0,10319,0,0,0,0,0,0,none
320,0.02,0.25,60.0,45.0,20320,0,0,0,0,0,0,none
321,0.02,0.25,60.0,90.0,321,0,0,0,0,0,0,none
322,0.02,0.25,60.0,90.0,10322,0,0,0,0,0,0,none
323,0.02,0.25,60.0,90.0,20323,0,0,0,0,0,0,none
324,0.04,1.0,30.0,0.0,324,0,1,0,0,0,1,sigma_d
325,0.04,1.0,30.0,0.0,10325,0,1,0,0,0,1,sigma_d
326,0.04,1.0,30.0,0.0,20326,0,1,0,0,0,1,sigma_d
327,0.04,1.0,30.0,45.0,327,0,0,0,0,0,0,none
328,0.04,1.0,30.0,45.0,10328,0,1,0,0,0,1,sigma_d
329,0.04,1.0,30.0,45.0,20329,0,1,0,0,0,1,sigma_d
330,0.04,1.0,30.0,90.0,330,0,0,0,0,0,0,none
331,0.04,1.0,30.0,90.0,10331,0,0,0,0,0,0,none
332,0.04,1.0,30.0,90.0,20332,0,0,0,0,0,0,none
333,0.04,1.0,45.0,0.0,333,0,1,0,0,0,1,sigma_d
334,0.04,1.0,45.0,0.0,10334,0,1,0,0,0,1,sigma_d
335,0.04,1.0,45.0,0.0,20335,0,1,0,0,0,1,sigma_d
336,0.04,1.0,45.0,45.0,336,0,0,0,0,0,0,none
337,0.04,1.0,45.0,45.0,10337,0,0,0,0,0,0,none
338,0.04,1.0,45.0,45.0,20338,0,0,0,0,0,0,none
339,0.04,1.0,45.0,90.0,339,0,0,0,0,0,0,none
340,0.04,1.0,45.0,90.0,10340,0,0,0,0,1,1,theta
341,0.04,1.0,45.0,90.0,20341,0,0,0,0,0,0,none
342,0.04,1.0,60.0,0.0,342,0,0,0,0,0,0,none
343,0.04,1.0,60.0,0.0,10343,0,0,0,0,0,0,none
344,0.04,1.0,60.0,0.0,20344,0,0,0,1,0,1,phi
345,0.04,1.0,60.0,45.0,345,0,0,0,0,0,0,none
346,0.04,1.0,60.0,45.0,10346,0,0,0,0,0,0,none
347,0.04,1.0,60.0,45.0,20347,0,0,0,0,0,0,none
348,0.04,1.0,60.0,90.0,348,0,0,0,0,0,0,none
350,0.04,1.0,60.0,90.0,20350,0,0,0,0,0,0,none
351,0.04,0.75,30.0,0.0,351,0,1,0,0,0,1,sigma_d
352,0.04,0.75,30.0,0.0,10352,0,1,0,0,0,1,sigma_d
353,0.04,0.75,30.0,0.0,20353,0,1,0,0,0,1,sigma_d
356,0.04,0.75,30.0,45.0,20356,0,1,0,0,0,1,sigma_d
358,0.04,0.75,30.0,90.0,10358,0,0,0,0,0,0,none
359,0.04,0.75,30.0,90.0,20359,0,0,0,0,0,0,none
360,0.04,0.75,45.0,0.0,360,0,0,0,0,0,0,none
361,0.04,0.75,45.0,0.0,10361,0,1,0,0,0,1,sigma_d
362,0.04,0.75,45.0,0.0,20362,0,0,0,1,0,1,phi
363,0.04,0.75,45.0,45.0,363,0,1,0,0,0,1,sigma_d
364,0.04,0.75,45.0,45.0,10364,0,0,0,0,0,0,none
365,0.04,0.75,45.0,45.0,20365,0,0,0,0,0,0,none
366,0.04,0.75,45.0,90.0,366,0,1,0,0,0,1,sigma_d
367,0.04,0.75,45.0,90.0,10367,0,0,0,0,0,0,none
368,0.04,0.75,45.0,90.0,20368,0,0,0,0,0,0,none
369,0.04,0.75,60.0,0.0,369,0,0,0,0,0,0,none
370,0.04,0.75,60.0,0.0,10370,0,0,0,0,0,0,none
371,0.04,0.75,60.0,0.0,20371,0,0,0,0,0,0,none
372,0.04,0.75,60.0,45.0,372,0,0,0,0,0,0,none
373,0.04,0.75,60.0,45.0,10373,0,0,0,0,0,0,none
374,0.04,0.75,60.0,45.0,20374,0,0,0,0,0,0,none
375,0.04,0.75,60.0,90.0,375,0,0,0,0,0,0,none
376,0.04,0.75,60.0,90.0,10376,0,0,0,0,0,0,none
377,0.04,0.75,60.0,90.0,20377,0,0,0,0,0,0,none
378,0.04,0.5,30.0,0.0,378,0,1,0,0,0,1,sigma_d
379,0.04,0.5,30.0,0.0,10379,0,1,0,0,0,1,sigma_d
380,0.04,0.5,30.0,0.0,20380,0,1,0,0,0,1,sigma_d
381,0.04,0.5,30.0,45.0,381,0,0,0,0,0,0,none
382,0.04,0.5,30.0,45.0,10382,0,0,0,0,0,0,none
383,0.04,0.5,30.0,45.0,20383,0,1,0,0,0,1,sigma_d
384,0.04,0.5,30.0,90.0,384,0,0,0,0,0,0,none
385,0.04,0.5,30.0,90.0,10385,0,0,0,0,0,0,none
386,0.04,0.5,30.0,90.0,20386,0,0,0,0,0,0,none
387,0.04,0.5,45.0,0.0,387,0,0,0,0,0,0,none
388,0.04,0.5,45.0,0.0,10388,0,1,0,0,0,1,sigma_d
389,0.04,0.5,45.0,0.0,20389,0,0,0,0,0,0,none
390,0.04,0.5,45.0,45.0,390,0,0,0,0,0,0,none
391,0.04,0.5,45.0,45.0,10391,0,0,0,0,0,0,none
392,0.04,0.5,45.0,45.0,20392,0,0,0,0,0,0,none
393,0.04,0.5,45.0,90.0,393,0,0,0,0,0,0,none
394,0.04,0.5,45.0,90.0,10394,0,0,0,0,0,0,none
395,0.04,0.5,45.0,90.0,20395,0,0,0,0,0,0,none
396,0.04,0.5,60.0,0.0,396,0,0,0,0,0,0,none
397,0.04,0.5,60.0,0.0,10397,0,0,0,0,0,0,none
398,0.04,0.5,60.0,0.0,20398,0,0,0,0,0,0,none
399,0.04,0.5,60.0,45.0,399,0,0,0,0,0,0,none
400,0.04,0.5,60.0,45.0,10400,0,0,0,0,0,0,none
401,0.04,0.5,60.0,45.0,20401,0,0,0,0,0,0,none
402,0.04,0.5,60.0,90.0,402,0,0,0,0,0,0,none
403,0.04,0.5,60.0,90.0,10403,0,0,0,0,0,0,none
404,0.04,0.5,60.0,90.0,20404,0,0,0,0,0,0,none
405,0.04,0.25,30.0,0.0,405,0,1,0,0,0,1,sigma_d
406,0.04,0.25,30.0,0.0,10406,0,1,0,0,0,1,sigma_d
407,0.04,0.25,30.0,0.0,20407,0,1,0,0,0,1,sigma_d
408,0.04,0.25,30.0,45.0,408,0,0,0,0,0,0,none
409,0.04,0.25,30.0,45.0,10409,0,0,0,0,0,0,none
410,0.04,0.25,30.0,45.0,20410,0,0,0,0,0,0,none
411,0.04,0.25,30.0,90.0,411,0,0,0,0,0,0,none
412,0.04,0.25,30.0,90.0,10412,0,0,0,0,0,0,none
413,0.04,0.25,30.0,90.0,20413,0,0,0,0,0,0,none
414,0.04,0.25,45.0,0.0,414,0,1,0,0,0,1,sigma_d
415,0.04,0.25,45.0,0.0,10415,0,1,0,0,0,1,sigma_d
416,0.04,0.25,45.0,0.0,20416,0,0,0,0,0,0,none
417,0.04,0.25,45.0,45.0,417,0,0,0,0,0,0,none
418,0.04,0.25,45.0,45.0,10418,0,0,0,0,0,0,none
419,0.04,0.25,45.0,45.0,20419,0,0,0,0,0,0,none
420,0.04,0.25,45.0,90.0,420,0,1,0,0,0,1,sigma_d
421,0.04,0.25,45.0,90.0,10421,0,0,0,0,0,0,none
422,0.04,0.25,45.0,90.0,20422,0,0,0,0,0,0,none
423,0.04,0.25,60.0,0.0,423,0,0,0,0,0,0,none
424,0.04,0.25,60.0,0.0,10424,0,0,0,0,0,0,none
425,0.04,0.25,60.0,0.0,20425,0,0,0,0,0,0,none
426,0.04,0.25,60.0,45.0,426,0,0,0,0,0,0,none
427,0.04,0.25,60.0,45.0,10427,0,0,0,0,0,0,none
428,0.04,0.25,60.0,45.0,20428,0,0,0,0,0,0,none
429,0.04,0.25,60.0,90.0,429,0,0,0,0,0,0,none
430,0.04,0.25,60.0,90.0,10430,0,0,0,0,0,0,none
431,0.04,0.25,60.0,90.0,20431,0,0,0,0,0,0,none
