trial_id,object,sigma_d,rho,phi,theta,seed,C_pc,q_grasp,e_pose,n_grasps,collision_free,success,final_xy_offset,final_lift,obj_z_final,error
0,cylinder,0.0,1.0,45.0,0.0,0,0.014453125,,,0,,0,,,,no_grasps
1,cylinder,0.0,1.0,45.0,45.0,1,0.01447265625,,,0,,0,,,,no_grasps
2,cylinder,0.0,0.5,45.0,0.0,2,0.01445,0.17957,0.10905,13,0,0,,,0.455,
3,cylinder,0.0,0.5,45.0,45.0,3,0.01447,0.17961,0.11151,15,1,1,0.02477,0.14889,0.6039,
4,cylinder,0.02,1.0,45.0,0.0,4,0.01445,0.16394,0.05656,2,1,0,0.04379,-0.0,0.455,
5,cylinder,0.02,1.0,45.0,45.0,5,0.01447,0.1676,0.03116,3,1,0,0.04136,-0.0,0.455,
6,cylinder,0.02,0.5,45.0,0.0,6,0.01445,0.15515,0.0746,1,1,0,0.03516,-0.0,0.455,
7,cylinder,0.02,0.5,45.0,45.0,7,0.01447,0.18508,0.12067,5,1,0,0.06526,-0.0,0.455,
0,box,0.0,1.0,45.0,0.0,0,0.00902,0.20143,0.07565,41,0,0,,,0.4124,
1,box,0.0,1.0,45.0,45.0,1,0.00554,0.15878,0.11049,11,1,0,0.03856,2e-05,0.4124,
2,box,0.0,0.5,45.0,0.0,2,0.00902,0.21902,0.09204,39,0,0,,,0.4124,
3,box,0.0,0.5,45.0,45.0,3,0.00554,0.1784,0.10721,25,1,0,0.03694,0.00026,0.4126,
4,box,0.02,1.0,45.0,0.0,4,0.0090234375,,,0,,0,,,,no_grasps
5,box,0.02,1.0,45.0,45.0,5,0.00554,0.29346,0.01352,37,0,0,,,0.4124,
6,box,0.02,0.5,45.0,0.0,6,0.00902,0.20804,0.03682,7,1,0,0.02088,3e-05,0.4124,
7,box,0.02,0.5,45.0,45.0,7,0.00554,0.29055,0.05299,24,1,0,0.0385,-0.0,0.4124,
0,mustard,0.0,1.0,45.0,0.0,0,0.01396,0.25893,0.10743,200,0,0,,,0.484,
1,mustard,0.0,1.0,45.0,45.0,1,0.01803,0.21337,0.0195,133,0,0,,,0.484,
2,mustard,0.0,0.5,45.0,0.0,2,0.01396,0.21705,0.03967,26,1,1,0.00696,0.14934,0.6333,
3,mustard,0.0,0.5,45.0,45.0,3,0.01803,0.21946,0.03807,42,0,0,,,0.484,
4,mustard,0.02,1.0,45.0,0.0,4,0.01396,0.24957,0.01051,14,0,0,,,0.484,
5,mustard,0.02,1.0,45.0,45.0,5,0.01803,0.16814,0.00966,1,0,0,,,0.484,
6,mustard,0.02,0.5,45.0,0.0,6,0.01396,0.25175,0.01561,14,0,0,,,0.484,
7,mustard,0.02,0.5,45.0,45.0,7,0.01803,0.25227,0.01227,11,0,0,,,0.484,
